[
  {
    "path": "D:\\VGPlatform\\core\\ops\\audit\\VG_HealGate_Audit.ps1",
    "line": 13,
    "col": 15,
    "message": "An expression was expected after '('.",
    "text": "",
    "context": "       3: )\r\n       4: \r\n       5: $ErrorActionPreference='Stop'\r\n       6: Set-StrictMode -Version Latest\r\n       7: \r\n       8: function J([string]$s){ if($null -eq $s){\"\"} else {[string]$s} }\r\n       9: function NowIso(){ (Get-Date).ToString(\"o\") }\r\n      10: \r\n      11: function Add-Finding($list,[string]$level,[string]$code,[string]$file,[string]$note){\r\n      12:   $list.Add([pscustomobject]@{\r\n>>    13:     ts=NowIso(); level=$level; code=$code; file=$file; note=$note\r\n      14:   }) | Out-Null\r\n      15: }\r\n      16: \r\n      17: $ts = Get-Date -Format \"yyyyMMdd_HHmmss\"\r\n      18: $outDir = Join-Path $Root (\"runtime\\_scratch\\reports\\healgate_{0}\" -f $ts)\r\n      19: New-Item -ItemType Directory -Path $outDir -Force | Out-Null\r\n      20: \r\n      21: $findings = New-Object System.Collections.Generic.List[object]\r\n      22: \r\n      23: # --- 1) Find likely API scripts (simple heuristic)"
  },
  {
    "path": "D:\\VGPlatform\\core\\ops\\audit\\VG_HealGate_Audit.ps1",
    "line": 98,
    "col": 39,
    "message": "An expression was expected after '('.",
    "text": "",
    "context": "      88: }\r\n      89: \r\n      90: # --- write outputs\r\n      91: $json = Join-Path $outDir \"healgate_report.json\"\r\n      92: $md   = Join-Path $outDir \"healgate_report.md\"\r\n      93: \r\n      94: $findings | ConvertTo-Json -Depth 6 | Set-Content -LiteralPath $json -Encoding UTF8\r\n      95: $lines = New-Object System.Collections.Generic.List[string]\r\n      96: $lines.Add(\"# VG HealGate Audit\") | Out-Null\r\n      97: $lines.Add(\"\") | Out-Null\r\n>>    98: $lines.Add((\"- Generated: \" + (NowIso()))) | Out-Null\r\n      99: $lines.Add((\"- Root: \" + $Root)) | Out-Null\r\n     100: $lines.Add(\"\") | Out-Null\r\n     101: \r\n     102: $fail = @($findings | Where-Object { $_.level -eq \"FAIL\" })\r\n     103: $warn = @($findings | Where-Object { $_.level -eq \"WARN\" })\r\n     104: \r\n     105: $lines.Add((\"## Summary\")) | Out-Null\r\n     106: $lines.Add((\"\")) | Out-Null\r\n     107: $lines.Add((\"- FAIL: \" + $fail.Count)) | Out-Null\r\n     108: $lines.Add((\"- WARN: \" + $warn.Count)) | Out-Null"
  },
  {
    "path": "D:\\VGPlatform\\core\\ops\\diag\\VG_FrontAudit_ToMd_v1.ps1",
    "line": 58,
    "col": 20,
    "message": "You must provide a value expression following the '-' operator.",
    "text": "",
    "context": "      48:   $OutPath = [System.IO.Path]::ChangeExtension($JsonPath, \".md\")\r\n      49: }\r\n      50: \r\n      51: $md = New-Object System.Collections.Generic.List[string]\r\n      52: \r\n      53: # Header\r\n      54: [void]$md.Add(\"# VG Front Audit Report\")\r\n      55: [void]$md.Add(\"\")\r\n      56: if($rep.run){\r\n      57:   [void]$md.Add((\"- Run: `{0}`\" -f [string]$rep.run.id))\r\n>>    58:   [void]$md.Add((\"- Time: `{0}`\" -f [string]$rep.run.ts))\r\n      59:   [void]$md.Add((\"- Root: `{0}`\" -f [string]$rep.run.root))\r\n      60: }\r\n      61: [void]$md.Add(\"\")\r\n      62: \r\n      63: # Signals\r\n      64: [void]$md.Add(\"## Signals\")\r\n      65: [void]$md.Add(\"\")\r\n      66: $signals = @()\r\n      67: try { $signals = @($rep.signals) } catch { $signals = @() }\r\n      68: if($signals.Count -eq 0){"
  },
  {
    "path": "D:\\VGPlatform\\core\\ops\\diag\\VG_FrontAudit_ToMd_v1.ps1",
    "line": 58,
    "col": 21,
    "message": "Unexpected token 'Time:' in expression or statement.",
    "text": "Time:",
    "context": "      48:   $OutPath = [System.IO.Path]::ChangeExtension($JsonPath, \".md\")\r\n      49: }\r\n      50: \r\n      51: $md = New-Object System.Collections.Generic.List[string]\r\n      52: \r\n      53: # Header\r\n      54: [void]$md.Add(\"# VG Front Audit Report\")\r\n      55: [void]$md.Add(\"\")\r\n      56: if($rep.run){\r\n      57:   [void]$md.Add((\"- Run: `{0}`\" -f [string]$rep.run.id))\r\n>>    58:   [void]$md.Add((\"- Time: `{0}`\" -f [string]$rep.run.ts))\r\n      59:   [void]$md.Add((\"- Root: `{0}`\" -f [string]$rep.run.root))\r\n      60: }\r\n      61: [void]$md.Add(\"\")\r\n      62: \r\n      63: # Signals\r\n      64: [void]$md.Add(\"## Signals\")\r\n      65: [void]$md.Add(\"\")\r\n      66: $signals = @()\r\n      67: try { $signals = @($rep.signals) } catch { $signals = @() }\r\n      68: if($signals.Count -eq 0){"
  },
  {
    "path": "D:\\VGPlatform\\core\\ops\\diag\\VG_FrontAudit_ToMd_v1.ps1",
    "line": 58,
    "col": 20,
    "message": "Missing closing ')' in expression.",
    "text": "",
    "context": "      48:   $OutPath = [System.IO.Path]::ChangeExtension($JsonPath, \".md\")\r\n      49: }\r\n      50: \r\n      51: $md = New-Object System.Collections.Generic.List[string]\r\n      52: \r\n      53: # Header\r\n      54: [void]$md.Add(\"# VG Front Audit Report\")\r\n      55: [void]$md.Add(\"\")\r\n      56: if($rep.run){\r\n      57:   [void]$md.Add((\"- Run: `{0}`\" -f [string]$rep.run.id))\r\n>>    58:   [void]$md.Add((\"- Time: `{0}`\" -f [string]$rep.run.ts))\r\n      59:   [void]$md.Add((\"- Root: `{0}`\" -f [string]$rep.run.root))\r\n      60: }\r\n      61: [void]$md.Add(\"\")\r\n      62: \r\n      63: # Signals\r\n      64: [void]$md.Add(\"## Signals\")\r\n      65: [void]$md.Add(\"\")\r\n      66: $signals = @()\r\n      67: try { $signals = @($rep.signals) } catch { $signals = @() }\r\n      68: if($signals.Count -eq 0){"
  },
  {
    "path": "D:\\VGPlatform\\core\\ops\\diag\\VG_FrontAudit_ToMd_v1.ps1",
    "line": 58,
    "col": 20,
    "message": "Missing ')' in method call.",
    "text": "",
    "context": "      48:   $OutPath = [System.IO.Path]::ChangeExtension($JsonPath, \".md\")\r\n      49: }\r\n      50: \r\n      51: $md = New-Object System.Collections.Generic.List[string]\r\n      52: \r\n      53: # Header\r\n      54: [void]$md.Add(\"# VG Front Audit Report\")\r\n      55: [void]$md.Add(\"\")\r\n      56: if($rep.run){\r\n      57:   [void]$md.Add((\"- Run: `{0}`\" -f [string]$rep.run.id))\r\n>>    58:   [void]$md.Add((\"- Time: `{0}`\" -f [string]$rep.run.ts))\r\n      59:   [void]$md.Add((\"- Root: `{0}`\" -f [string]$rep.run.root))\r\n      60: }\r\n      61: [void]$md.Add(\"\")\r\n      62: \r\n      63: # Signals\r\n      64: [void]$md.Add(\"## Signals\")\r\n      65: [void]$md.Add(\"\")\r\n      66: $signals = @()\r\n      67: try { $signals = @($rep.signals) } catch { $signals = @() }\r\n      68: if($signals.Count -eq 0){"
  },
  {
    "path": "D:\\VGPlatform\\core\\ops\\diag\\VG_FrontAudit_ToMd_v1.ps1",
    "line": 58,
    "col": 56,
    "message": "Unexpected token ')' in expression or statement.",
    "text": ")",
    "context": "      48:   $OutPath = [System.IO.Path]::ChangeExtension($JsonPath, \".md\")\r\n      49: }\r\n      50: \r\n      51: $md = New-Object System.Collections.Generic.List[string]\r\n      52: \r\n      53: # Header\r\n      54: [void]$md.Add(\"# VG Front Audit Report\")\r\n      55: [void]$md.Add(\"\")\r\n      56: if($rep.run){\r\n      57:   [void]$md.Add((\"- Run: `{0}`\" -f [string]$rep.run.id))\r\n>>    58:   [void]$md.Add((\"- Time: `{0}`\" -f [string]$rep.run.ts))\r\n      59:   [void]$md.Add((\"- Root: `{0}`\" -f [string]$rep.run.root))\r\n      60: }\r\n      61: [void]$md.Add(\"\")\r\n      62: \r\n      63: # Signals\r\n      64: [void]$md.Add(\"## Signals\")\r\n      65: [void]$md.Add(\"\")\r\n      66: $signals = @()\r\n      67: try { $signals = @($rep.signals) } catch { $signals = @() }\r\n      68: if($signals.Count -eq 0){"
  },
  {
    "path": "D:\\VGPlatform\\core\\ops\\diag\\VG_FrontAudit_ToMd_v1.ps1",
    "line": 58,
    "col": 57,
    "message": "Unexpected token ')' in expression or statement.",
    "text": ")",
    "context": "      48:   $OutPath = [System.IO.Path]::ChangeExtension($JsonPath, \".md\")\r\n      49: }\r\n      50: \r\n      51: $md = New-Object System.Collections.Generic.List[string]\r\n      52: \r\n      53: # Header\r\n      54: [void]$md.Add(\"# VG Front Audit Report\")\r\n      55: [void]$md.Add(\"\")\r\n      56: if($rep.run){\r\n      57:   [void]$md.Add((\"- Run: `{0}`\" -f [string]$rep.run.id))\r\n>>    58:   [void]$md.Add((\"- Time: `{0}`\" -f [string]$rep.run.ts))\r\n      59:   [void]$md.Add((\"- Root: `{0}`\" -f [string]$rep.run.root))\r\n      60: }\r\n      61: [void]$md.Add(\"\")\r\n      62: \r\n      63: # Signals\r\n      64: [void]$md.Add(\"## Signals\")\r\n      65: [void]$md.Add(\"\")\r\n      66: $signals = @()\r\n      67: try { $signals = @($rep.signals) } catch { $signals = @() }\r\n      68: if($signals.Count -eq 0){"
  },
  {
    "path": "D:\\VGPlatform\\core\\ops\\diag\\VG_FrontAudit_ToMd_v1.ps1",
    "line": 64,
    "col": 16,
    "message": "Missing closing ')' in expression.",
    "text": "",
    "context": "      54: [void]$md.Add(\"# VG Front Audit Report\")\r\n      55: [void]$md.Add(\"\")\r\n      56: if($rep.run){\r\n      57:   [void]$md.Add((\"- Run: `{0}`\" -f [string]$rep.run.id))\r\n      58:   [void]$md.Add((\"- Time: `{0}`\" -f [string]$rep.run.ts))\r\n      59:   [void]$md.Add((\"- Root: `{0}`\" -f [string]$rep.run.root))\r\n      60: }\r\n      61: [void]$md.Add(\"\")\r\n      62: \r\n      63: # Signals\r\n>>    64: [void]$md.Add(\"## Signals\")\r\n      65: [void]$md.Add(\"\")\r\n      66: $signals = @()\r\n      67: try { $signals = @($rep.signals) } catch { $signals = @() }\r\n      68: if($signals.Count -eq 0){\r\n      69:   [void]$md.Add(\"- (none)\")\r\n      70: } else {\r\n      71:   foreach($s in $signals){ [void]$md.Add((\"- \" + [string]$s)) }\r\n      72: }\r\n      73: [void]$md.Add(\"\")\r\n      74: "
  },
  {
    "path": "D:\\VGPlatform\\core\\ops\\diag\\VG_FrontAudit_ToMd_v1.ps1",
    "line": 65,
    "col": 2,
    "message": "Array index expression is missing or not valid.",
    "text": "",
    "context": "      55: [void]$md.Add(\"\")\r\n      56: if($rep.run){\r\n      57:   [void]$md.Add((\"- Run: `{0}`\" -f [string]$rep.run.id))\r\n      58:   [void]$md.Add((\"- Time: `{0}`\" -f [string]$rep.run.ts))\r\n      59:   [void]$md.Add((\"- Root: `{0}`\" -f [string]$rep.run.root))\r\n      60: }\r\n      61: [void]$md.Add(\"\")\r\n      62: \r\n      63: # Signals\r\n      64: [void]$md.Add(\"## Signals\")\r\n>>    65: [void]$md.Add(\"\")\r\n      66: $signals = @()\r\n      67: try { $signals = @($rep.signals) } catch { $signals = @() }\r\n      68: if($signals.Count -eq 0){\r\n      69:   [void]$md.Add(\"- (none)\")\r\n      70: } else {\r\n      71:   foreach($s in $signals){ [void]$md.Add((\"- \" + [string]$s)) }\r\n      72: }\r\n      73: [void]$md.Add(\"\")\r\n      74: \r\n      75: # Queue"
  },
  {
    "path": "D:\\VGPlatform\\core\\ops\\diag\\VG_FrontAudit_ToMd_v1.ps1",
    "line": 65,
    "col": 2,
    "message": "Missing ')' in method call.",
    "text": "",
    "context": "      55: [void]$md.Add(\"\")\r\n      56: if($rep.run){\r\n      57:   [void]$md.Add((\"- Run: `{0}`\" -f [string]$rep.run.id))\r\n      58:   [void]$md.Add((\"- Time: `{0}`\" -f [string]$rep.run.ts))\r\n      59:   [void]$md.Add((\"- Root: `{0}`\" -f [string]$rep.run.root))\r\n      60: }\r\n      61: [void]$md.Add(\"\")\r\n      62: \r\n      63: # Signals\r\n      64: [void]$md.Add(\"## Signals\")\r\n>>    65: [void]$md.Add(\"\")\r\n      66: $signals = @()\r\n      67: try { $signals = @($rep.signals) } catch { $signals = @() }\r\n      68: if($signals.Count -eq 0){\r\n      69:   [void]$md.Add(\"- (none)\")\r\n      70: } else {\r\n      71:   foreach($s in $signals){ [void]$md.Add((\"- \" + [string]$s)) }\r\n      72: }\r\n      73: [void]$md.Add(\"\")\r\n      74: \r\n      75: # Queue"
  },
  {
    "path": "D:\\VGPlatform\\core\\ops\\diag\\VG_FrontAudit_ToMd_v1.ps1",
    "line": 65,
    "col": 2,
    "message": "Unexpected token 'void]$md.Add' in expression or statement.",
    "text": "void]$md.Add",
    "context": "      55: [void]$md.Add(\"\")\r\n      56: if($rep.run){\r\n      57:   [void]$md.Add((\"- Run: `{0}`\" -f [string]$rep.run.id))\r\n      58:   [void]$md.Add((\"- Time: `{0}`\" -f [string]$rep.run.ts))\r\n      59:   [void]$md.Add((\"- Root: `{0}`\" -f [string]$rep.run.root))\r\n      60: }\r\n      61: [void]$md.Add(\"\")\r\n      62: \r\n      63: # Signals\r\n      64: [void]$md.Add(\"## Signals\")\r\n>>    65: [void]$md.Add(\"\")\r\n      66: $signals = @()\r\n      67: try { $signals = @($rep.signals) } catch { $signals = @() }\r\n      68: if($signals.Count -eq 0){\r\n      69:   [void]$md.Add(\"- (none)\")\r\n      70: } else {\r\n      71:   foreach($s in $signals){ [void]$md.Add((\"- \" + [string]$s)) }\r\n      72: }\r\n      73: [void]$md.Add(\"\")\r\n      74: \r\n      75: # Queue"
  },
  {
    "path": "D:\\VGPlatform\\core\\ops\\instructions\\VG_InstructionPack_DiffGate_v2b.ps1",
    "line": 80,
    "col": 13,
    "message": "Missing ')' in method call.",
    "text": "",
    "context": "      70: \r\n      71: if($hasV1){\r\n      72:   $rep.Add(\"## Diff: CHAT v1 -> v2 (bounded head/tail, top 200)\")\r\n      73:   $rep.Add(\"```diff\")\r\n      74:   $a = Get-BoundedLines $chatV1 400 400\r\n      75:   $b = Get-BoundedLines $chatV2 400 400\r\n      76:   foreach($ln in (Diff-Lines $a $b 200)){ $rep.Add($ln) }\r\n      77:   $rep.Add(\"```\")\r\n      78:   $rep.Add(\"\")\r\n      79: \r\n>>    80:   $rep.Add(\"## Diff: API v1 -> v2 (bounded head/tail, top 200)\")\r\n      81:   $rep.Add(\"```diff\")\r\n      82:   $c = Get-BoundedLines $apiV1 400 400\r\n      83:   $d = Get-BoundedLines $apiV2 400 400\r\n      84:   foreach($ln in (Diff-Lines $c $d 200)){ $rep.Add($ln) }\r\n      85:   $rep.Add(\"```\")\r\n      86:   $rep.Add(\"\")\r\n      87: }\r\n      88: \r\n      89: $release=[ordered]@{\r\n      90:   ts=(Get-Date).ToString(\"o\")"
  },
  {
    "path": "D:\\VGPlatform\\core\\ops\\instructions\\VG_InstructionPack_DiffGate_v2b.ps1",
    "line": 81,
    "col": 3,
    "message": "Unexpected token '$rep' in expression or statement.",
    "text": "$rep",
    "context": "      71: if($hasV1){\r\n      72:   $rep.Add(\"## Diff: CHAT v1 -> v2 (bounded head/tail, top 200)\")\r\n      73:   $rep.Add(\"```diff\")\r\n      74:   $a = Get-BoundedLines $chatV1 400 400\r\n      75:   $b = Get-BoundedLines $chatV2 400 400\r\n      76:   foreach($ln in (Diff-Lines $a $b 200)){ $rep.Add($ln) }\r\n      77:   $rep.Add(\"```\")\r\n      78:   $rep.Add(\"\")\r\n      79: \r\n      80:   $rep.Add(\"## Diff: API v1 -> v2 (bounded head/tail, top 200)\")\r\n>>    81:   $rep.Add(\"```diff\")\r\n      82:   $c = Get-BoundedLines $apiV1 400 400\r\n      83:   $d = Get-BoundedLines $apiV2 400 400\r\n      84:   foreach($ln in (Diff-Lines $c $d 200)){ $rep.Add($ln) }\r\n      85:   $rep.Add(\"```\")\r\n      86:   $rep.Add(\"\")\r\n      87: }\r\n      88: \r\n      89: $release=[ordered]@{\r\n      90:   ts=(Get-Date).ToString(\"o\")\r\n      91:   active=@{ chat=(Split-Path -Leaf $chatV2); api=(Split-Path -Leaf $apiV2) }"
  },
  {
    "path": "D:\\VGPlatform\\core\\ops\\instructions\\VG_InstructionPack_DiffGate_v2b.ps1",
    "line": 90,
    "col": 27,
    "message": "Missing ')' in method call.",
    "text": "",
    "context": "      80:   $rep.Add(\"## Diff: API v1 -> v2 (bounded head/tail, top 200)\")\r\n      81:   $rep.Add(\"```diff\")\r\n      82:   $c = Get-BoundedLines $apiV1 400 400\r\n      83:   $d = Get-BoundedLines $apiV2 400 400\r\n      84:   foreach($ln in (Diff-Lines $c $d 200)){ $rep.Add($ln) }\r\n      85:   $rep.Add(\"```\")\r\n      86:   $rep.Add(\"\")\r\n      87: }\r\n      88: \r\n      89: $release=[ordered]@{\r\n>>    90:   ts=(Get-Date).ToString(\"o\")\r\n      91:   active=@{ chat=(Split-Path -Leaf $chatV2); api=(Split-Path -Leaf $apiV2) }\r\n      92:   sha256=@{ chat_v2=(Sha256File $chatV2); api_v2=(Sha256File $apiV2) }\r\n      93:   invariants=@{ tags_ok=$true; core_ok=$true; required_tags=$requiredTags; core_needles=$coreNeedles }\r\n      94: }\r\n      95: \r\n      96: $rep.Add(\"## Release marker\")\r\n      97: $rep.Add(\"\")\r\n      98: $rep.Add((\"Active CHAT: {0}\" -f $release.active.chat))\r\n      99: $rep.Add((\"Active API : {0}\" -f $release.active.api))\r\n     100: $rep.Add((\"SHA256 CHAT v2: {0}\" -f $release.sha256.chat_v2))"
  },
  {
    "path": "D:\\VGPlatform\\core\\ops\\instructions\\VG_InstructionPack_DiffGate_v2b.ps1",
    "line": 90,
    "col": 27,
    "message": "Unexpected token 'o\")\n  active=@{ chat=(Split-Path -Leaf $chatV2); api=(Split-Path -Leaf $apiV2) }\n  sha256=@{ chat_v2=(Sha256File $chatV2); api_v2=(Sha256File $apiV2) }\n  invariants=@{ tags_ok=$true; core_ok=$true; required_tags=$requiredTags; core_needles=$coreNeedles }\n}\n\n$rep.Add(\"##' in expression or statement.",
    "text": "o\")\n  active=@{ chat=(Split-Path -Leaf $chatV2); api=(Split-Path -Leaf $apiV2) }\n  sha256=@{ chat_v2=(Sha256File $chatV2); api_v2=(Sha256File $apiV2) }\n  invariants=@{ tags_ok=$true; core_ok=$true; required_tags=$requiredTags; core_needles=$coreNeedles }\n}\n\n$rep.Add(\"##",
    "context": "      80:   $rep.Add(\"## Diff: API v1 -> v2 (bounded head/tail, top 200)\")\r\n      81:   $rep.Add(\"```diff\")\r\n      82:   $c = Get-BoundedLines $apiV1 400 400\r\n      83:   $d = Get-BoundedLines $apiV2 400 400\r\n      84:   foreach($ln in (Diff-Lines $c $d 200)){ $rep.Add($ln) }\r\n      85:   $rep.Add(\"```\")\r\n      86:   $rep.Add(\"\")\r\n      87: }\r\n      88: \r\n      89: $release=[ordered]@{\r\n>>    90:   ts=(Get-Date).ToString(\"o\")\r\n      91:   active=@{ chat=(Split-Path -Leaf $chatV2); api=(Split-Path -Leaf $apiV2) }\r\n      92:   sha256=@{ chat_v2=(Sha256File $chatV2); api_v2=(Sha256File $apiV2) }\r\n      93:   invariants=@{ tags_ok=$true; core_ok=$true; required_tags=$requiredTags; core_needles=$coreNeedles }\r\n      94: }\r\n      95: \r\n      96: $rep.Add(\"## Release marker\")\r\n      97: $rep.Add(\"\")\r\n      98: $rep.Add((\"Active CHAT: {0}\" -f $release.active.chat))\r\n      99: $rep.Add((\"Active API : {0}\" -f $release.active.api))\r\n     100: $rep.Add((\"SHA256 CHAT v2: {0}\" -f $release.sha256.chat_v2))"
  },
  {
    "path": "D:\\VGPlatform\\core\\ops\\instructions\\VG_InstructionPack_DiffGate_v2b.ps1",
    "line": 115,
    "col": 63,
    "message": "The string is missing the terminator: \".",
    "text": "\"\r\n",
    "context": "     105: ($rep -join \"`r`n\") | Set-Content -LiteralPath $diffFp -Encoding UTF8\r\n     106: Ok \"WRITE_OK=$diffFp\"\r\n     107: \r\n     108: $relFp=Join-Path $Out \"release_active.json\"\r\n     109: ($release | ConvertTo-Json -Depth 8) | Set-Content -LiteralPath $relFp -Encoding UTF8\r\n     110: Ok \"WRITE_OK=$relFp\"\r\n     111: \r\n     112: try{ $null = Get-Content -LiteralPath $relFp -Raw -Encoding UTF8 | ConvertFrom-Json; Ok \"JSON_PARSE_OK=$relFp\" }catch{ Fail (\"JSON_PARSE_FAIL=$relFp err=\" + $_.Exception.Message) }\r\n     113: \r\n     114: Ok \"DONE=DIFF_GATE_OK\"\r\n>>   115: Ok \"NEXT: open out\\diff_report.md; use out\\release_active.json\""
  },
  {
    "path": "D:\\VGPlatform\\core\\ops\\instructions\\VG_InstructionPack_DiffGate_v2b.ps1",
    "line": 71,
    "col": 11,
    "message": "Missing closing '}' in statement block or type definition.",
    "text": "{",
    "context": "      61: if(-not (ContainsAll $txtChat2 $coreNeedles)){ Fail \"CHAT_V2_CORE_INVARIANTS_FAIL\" }\r\n      62: if(-not (ContainsAll $txtApi2  $coreNeedles)){ Fail \"API_V2_CORE_INVARIANTS_FAIL\" }\r\n      63: Ok \"CORE_INVARIANTS_OK=1\"\r\n      64: \r\n      65: $rep = New-Object System.Collections.Generic.List[string]\r\n      66: $rep.Add(\"# VG InstructionPack diff gate (v2b, bounded)\")\r\n      67: $rep.Add(\"\")\r\n      68: $rep.Add((\"Generated: {0}\" -f (Get-Date).ToString(\"o\")))\r\n      69: $rep.Add(\"\")\r\n      70: \r\n>>    71: if($hasV1){\r\n      72:   $rep.Add(\"## Diff: CHAT v1 -> v2 (bounded head/tail, top 200)\")\r\n      73:   $rep.Add(\"```diff\")\r\n      74:   $a = Get-BoundedLines $chatV1 400 400\r\n      75:   $b = Get-BoundedLines $chatV2 400 400\r\n      76:   foreach($ln in (Diff-Lines $a $b 200)){ $rep.Add($ln) }\r\n      77:   $rep.Add(\"```\")\r\n      78:   $rep.Add(\"\")\r\n      79: \r\n      80:   $rep.Add(\"## Diff: API v1 -> v2 (bounded head/tail, top 200)\")\r\n      81:   $rep.Add(\"```diff\")"
  }
]
