[
  {
    "Path": "D:\\VGPlatform\\core\\ops\\diag\\VG_FrontAudit_ToMd_v1.ps1",
    "Exists": true,
    "Action": "no_backup_parse_ok",
    "RestoredFrom": null,
    "ParseOk": false,
    "Errors": [
      {
        "Message": "You must provide a value expression following the '-' operator.",
        "Line": 58,
        "Col": 20,
        "Text": ""
      },
      {
        "Message": "Unexpected token 'Time:' in expression or statement.",
        "Line": 58,
        "Col": 21,
        "Text": "Time:"
      },
      {
        "Message": "Missing closing ')' in expression.",
        "Line": 58,
        "Col": 20,
        "Text": ""
      },
      {
        "Message": "Missing ')' in method call.",
        "Line": 58,
        "Col": 20,
        "Text": ""
      },
      {
        "Message": "Unexpected token ')' in expression or statement.",
        "Line": 58,
        "Col": 56,
        "Text": ")"
      },
      {
        "Message": "Unexpected token ')' in expression or statement.",
        "Line": 58,
        "Col": 57,
        "Text": ")"
      },
      {
        "Message": "Missing closing ')' in expression.",
        "Line": 64,
        "Col": 16,
        "Text": ""
      },
      {
        "Message": "Array index expression is missing or not valid.",
        "Line": 65,
        "Col": 2,
        "Text": ""
      },
      {
        "Message": "Missing ')' in method call.",
        "Line": 65,
        "Col": 2,
        "Text": ""
      },
      {
        "Message": "Unexpected token 'void]$md.Add' in expression or statement.",
        "Line": 65,
        "Col": 2,
        "Text": "void]$md.Add"
      }
    ]
  },
  {
    "Path": "D:\\VGPlatform\\core\\ops\\instructions\\VG_InstructionPack_DiffGate_v2b.ps1",
    "Exists": true,
    "Action": "no_backup_parse_ok",
    "RestoredFrom": null,
    "ParseOk": false,
    "Errors": [
      {
        "Message": "Missing ')' in method call.",
        "Line": 80,
        "Col": 13,
        "Text": ""
      },
      {
        "Message": "Unexpected token '$rep' in expression or statement.",
        "Line": 81,
        "Col": 3,
        "Text": "$rep"
      },
      {
        "Message": "Missing ')' in method call.",
        "Line": 90,
        "Col": 27,
        "Text": ""
      },
      {
        "Message": "Unexpected token 'o\")\n  active=@{ chat=(Split-Path -Leaf $chatV2); api=(Split-Path -Leaf $apiV2) }\n  sha256=@{ chat_v2=(Sha256File $chatV2); api_v2=(Sha256File $apiV2) }\n  invariants=@{ tags_ok=$true; core_ok=$true; required_tags=$requiredTags; core_needles=$coreNeedles }\n}\n\n$rep.Add(\"##' in expression or statement.",
        "Line": 90,
        "Col": 27,
        "Text": "o\")\n  active=@{ chat=(Split-Path -Leaf $chatV2); api=(Split-Path -Leaf $apiV2) }\n  sha256=@{ chat_v2=(Sha256File $chatV2); api_v2=(Sha256File $apiV2) }\n  invariants=@{ tags_ok=$true; core_ok=$true; required_tags=$requiredTags; core_needles=$coreNeedles }\n}\n\n$rep.Add(\"##"
      },
      {
        "Message": "The string is missing the terminator: \".",
        "Line": 115,
        "Col": 63,
        "Text": "\"\r\n"
      },
      {
        "Message": "Missing closing '}' in statement block or type definition.",
        "Line": 71,
        "Col": 11,
        "Text": "{"
      }
    ]
  }
]
