[
  {
    "path": "D:\\VGPlatform\\core\\ops\\audit\\VG_HealGate_Audit.ps1",
    "line": 13,
    "col": 15,
    "message": "An expression was expected after '('.",
    "text": "",
    "context": "       3: )\r\n       4: \r\n       5: $ErrorActionPreference='Stop'\r\n       6: Set-StrictMode -Version Latest\r\n       7: \r\n       8: function J([string]$s){ if($null -eq $s){\"\"} else {[string]$s} }\r\n       9: function NowIso(){ (Get-Date).ToString(\"o\") }\r\n      10: \r\n      11: function Add-Finding($list,[string]$level,[string]$code,[string]$file,[string]$note){\r\n      12:   $list.Add([pscustomobject]@{\r\n>>    13:     ts=NowIso(); level=$level; code=$code; file=$file; note=$note\r\n      14:   }) | Out-Null\r\n      15: }\r\n      16: \r\n      17: $ts = Get-Date -Format \"yyyyMMdd_HHmmss\"\r\n      18: $outDir = Join-Path $Root (\"runtime\\_scratch\\reports\\healgate_{0}\" -f $ts)\r\n      19: New-Item -ItemType Directory -Path $outDir -Force | Out-Null\r\n      20: \r\n      21: $findings = New-Object System.Collections.Generic.List[object]\r\n      22: \r\n      23: # --- 1) Find likely API scripts (simple heuristic)"
  },
  {
    "path": "D:\\VGPlatform\\core\\ops\\audit\\VG_HealGate_Audit.ps1",
    "line": 98,
    "col": 39,
    "message": "An expression was expected after '('.",
    "text": "",
    "context": "      88: }\r\n      89: \r\n      90: # --- write outputs\r\n      91: $json = Join-Path $outDir \"healgate_report.json\"\r\n      92: $md   = Join-Path $outDir \"healgate_report.md\"\r\n      93: \r\n      94: $findings | ConvertTo-Json -Depth 6 | Set-Content -LiteralPath $json -Encoding UTF8\r\n      95: $lines = New-Object System.Collections.Generic.List[string]\r\n      96: $lines.Add(\"# VG HealGate Audit\") | Out-Null\r\n      97: $lines.Add(\"\") | Out-Null\r\n>>    98: $lines.Add((\"- Generated: \" + (NowIso()))) | Out-Null\r\n      99: $lines.Add((\"- Root: \" + $Root)) | Out-Null\r\n     100: $lines.Add(\"\") | Out-Null\r\n     101: \r\n     102: $fail = @($findings | Where-Object { $_.level -eq \"FAIL\" })\r\n     103: $warn = @($findings | Where-Object { $_.level -eq \"WARN\" })\r\n     104: \r\n     105: $lines.Add((\"## Summary\")) | Out-Null\r\n     106: $lines.Add((\"\")) | Out-Null\r\n     107: $lines.Add((\"- FAIL: \" + $fail.Count)) | Out-Null\r\n     108: $lines.Add((\"- WARN: \" + $warn.Count)) | Out-Null"
  },
  {
    "path": "D:\\VGPlatform\\core\\ops\\diag\\VG_FrontAudit_All_v4.ps1",
    "line": 444,
    "col": 31,
    "message": "The string is missing the terminator: '.",
    "text": "'){ $agentPid = [int]$rawPid }\r\n    }\r\n    AddSig \"AGENT\" \"OK\" \"PID_FILE\" @{ path=$paths.pid_file; pid=$agentPid }\r\n  } else {\r\n    AddSig \"AGENT\" \"WARN\" \"NO_PID_FILE\" @{ path=$paths.pid_file }\r\n  }\r\n\r\n  if($agentPid){\r\n    $proc = Get-Process -Id $agentPid -EA SilentlyContinue\r\n    if($null -ne $proc){\r\n      AddSig \"AGENT\" \"OK\" \"PID_ALIVE\" @{ pid=$agentPid; name=$proc.ProcessName; start=$proc.StartTime }\r\n    } else {\r\n      AddSig \"AGENT\" \"WARN\" \"PID_NOT_RUNNING\" @{ pid=$agentPid }\r\n    }\r\n  }\r\n\r\n  if(Test-Path -LiteralPath $paths.log_agent -PathType Container){\r\n    $la1 = GetNewestFile $paths.log_agent \"agent_*.log\"\r\n    $la2 = GetNewestFile $paths.log_agent \"watchdog_*.log\"\r\n    if($la1){ AddSig \"AGENT\" \"OK\" \"NEWEST_AGENT_LOG\" @{ path=$la1.FullName; size=$la1.Length; ts=$la1.LastWriteTime } } else { AddSig \"AGENT\" \"WARN\" \"NO_AGENT_LOG\" @{} }\r\n    if($la2){ AddSig \"WATCHDOG\" \"OK\" \"NEWEST_WATCHDOG_LOG\" @{ path=$la2.FullName; size=$la2.Length; ts=$la2.LastWriteTime } } else { AddSig \"WATCHDOG\" \"WARN\" \"NO_WATCHDOG_LOG\" @{} }\r\n  }\r\n} catch {\r\n  AddSig \"AGENT\" \"WARN\" \"CHECK_FAIL\" @{ err=$_.Exception.Message }\r\n}\r\n\r\n# DASHBOARD (ports + python procs + newest log)\r\ntry{\r\n  $ports = @()\r\n  foreach($pp in @(8501,8502)){\r\n    $c = @(PortInfo $pp)\r\n    if(@($c).Count -gt 0){\r\n      $ports += [pscustomobject]@{\r\n        port  = $pp\r\n        count = @($c).Count\r\n        local = [string]$c[0].LocalAddress\r\n        pid   = [int]$c[0].OwningProcess\r\n      }\r\n    }\r\n  }\r\n  if($ports.Count -gt 0){ AddSig \"DASHBOARD\" \"OK\" \"PORT_LISTEN\" $ports } else { AddSig \"DASHBOARD\" \"WARN\" \"NO_LISTENER_8501_8502\" @{} }\r\n\r\n  $pyProcs = @(\r\n    Get-CimInstance Win32_Process -EA SilentlyContinue |\r\n      Where-Object { $_.Name -in @(\"python.exe\",\"pythonw.exe\") } |\r\n      Where-Object { $_.CommandLine -and ($_.CommandLine -like \"*streamlit*\" -or $_.CommandLine -like \"*start_dashboard.py*\") } |\r\n      Select-Object -First 5 ProcessId,CreationDate,Name,CommandLine\r\n  )\r\n  if(@($pyProcs).Count -gt 0){ AddSig \"DASHBOARD\" \"OK\" \"PY_PROCS\" @($pyProcs) } else { AddSig \"DASHBOARD\" \"WARN\" \"NO_STREAMLIT_PROCS\" @{} }\r\n\r\n  if(Test-Path -LiteralPath $paths.log_dash -PathType Container){\r\n    $ld = GetNewestFile $paths.log_dash \"dashboard_*.log\"\r\n    if($ld){\r\n      AddSig \"DASHBOARD\" \"OK\" \"NEWEST_LOG\" @{ path=$ld.FullName; size=$ld.Length; ts=$ld.LastWriteTime }\r\n      if($ld.Length -eq 0){ AddSig \"DASHBOARD\" \"WARN\" \"LOG_EMPTY\" @{ path=$ld.FullName } }\r\n    } else {\r\n      AddSig \"DASHBOARD\" \"WARN\" \"NO_LOGS\" @{ dir=$paths.log_dash }\r\n    }\r\n  } else {\r\n    AddSig \"DASHBOARD\" \"WARN\" \"NO_LOG_DIR\" @{ dir=$paths.log_dash }\r\n  }\r\n} catch {\r\n  AddSig \"DASHBOARD\" \"WARN\" \"CHECK_FAIL\" @{ err=$_.Exception.Message }\r\n}\r\n\r\n# OPS: VG pwsh procs\r\ntry{\r\n  $vgPwsh = @(\r\n    Get-CimInstance Win32_Process -EA SilentlyContinue |\r\n      Where-Object { $_.Name -in @(\"pwsh.exe\",\"powershell.exe\") } |\r\n      Where-Object { $_.CommandLine -and $_.CommandLine -like \"*D:\\VGPlatform*\" } |\r\n      Select-Object ProcessId,CreationDate,Name,CommandLine\r\n  )\r\n  AddSig \"OPS\" \"OK\" \"VG_PWSH_PROCS\" @{ count=@($vgPwsh).Count; procs=$vgPwsh }\r\n} catch {\r\n  AddSig \"OPS\" \"WARN\" \"VG_PWSH_PROCS_FAIL\" @{ err=$_.Exception.Message }\r\n}\r\n\r\n# TASKS\r\ntry{\r\n  $tasks = @(\"VGAgent\",\"VGDashboard\",\"VGAgentWatchdog\",\"VGLogsRotate\",\"VGLogsCap\")\r\n  foreach($t in $tasks){\r\n    $st = Get-ScheduledTask -TaskName $t -EA SilentlyContinue\r\n    if($null -eq $st){ AddSig \"TASKS\" \"WARN\" \"TASK_NOT_FOUND\" @{ task=$t }; continue }\r\n    $info = Get-ScheduledTaskInfo -TaskName $t -EA SilentlyContinue\r\n    AddSig \"TASKS\" \"OK\" \"TASK\" @{\r\n      task=$t\r\n      state=[string]$st.State\r\n      lastRun=[string]$info.LastRunTime\r\n      lastResult=(\"0x{0:X}\" -f $info.LastTaskResult)\r\n      nextRun=[string]$info.NextRunTime\r\n      missed=[int]$info.NumberOfMissedRuns\r\n    }\r\n  }\r\n} catch {\r\n  AddSig \"TASKS\" \"WARN\" \"TASKS_FAIL\" @{ err=$_.Exception.Message }\r\n}\r\n\r\n# WRITE reports\r\n# (safe) convert signals list -> array, and ensure strings are strings\r\n$signalsArr = @()\r\ntry{\r\n  if($null -ne $signals){\r\n    if($signals -is [System.Collections.ICollection]){\r\n      try{ $signalsArr = @($signals.ToArray()) } catch { $signalsArr = @($signals) }\r\n    } else {\r\n      $signalsArr = @($signals)\r\n    }\r\n  }\r\n}catch{ $signalsArr = @() }\r\n\r\n$payload = [pscustomobject]@{\r\n  generated = [string](NowIso)\r\n  root      = [string]$Root\r\n  signals   = $signalsArr\r\n}\r\n$utf8NoBom = New-Object System.Text.UTF8Encoding($false)\r\n[System.IO.File]::WriteAllText($reportJson, ($payload | ConvertTo-Json -Depth 10), $utf8NoBom)\r\n\r\n# BEGIN_VG_MD_SAFE_V5\r\n$md = New-Object System.Collections.Generic.List[string]\r\n[void]$md.Add(\"# VG Front Audit v5\")\r\n[void]$md.Add(\"\")\r\n[void]$md.Add((\"- generated: \" + [string](NowIso)))\r\n[void]$md.Add((\"- root: \" + [string]$Root))\r\n[void]$md.Add(\"\")\r\n[void]$md.Add(\"## Signals\")\r\n[void]$md.Add(\"\")\r\n\r\n# signals list -> array (defensive) then safe-sort by ts as string\r\n$sArr = @()\r\ntry{\r\n  if($null -ne $signalsArr){ $sArr = @($signalsArr) }\r\n  elseif($null -ne $signals){ $sArr = @($signals) }\r\n}catch{ $sArr = @() }\r\n\r\n# create sortable projection with ts string (avoid binder issues)\r\n$proj = @()\r\nforeach($s in $sArr){\r\n  try{\r\n    $tsStr = \"\"; try{ $tsStr = [string]$s.ts } catch { $tsStr = \"\" }\r\n    $front = \"\"; try{ $front = [string]$s.front } catch { $front = \"\" }\r\n    $level = \"\"; try{ $level = [string]$s.level } catch { $level = \"\" }\r\n    $code  = \"\"; try{ $code  = [string]$s.code  } catch { $code  = \"\" }\r\n    $proj += [pscustomobject]@{ ts=$tsStr; front=$front; level=$level; code=$code }\r\n  }catch{}\r\n}\r\n\r\n# safe sort (string compare)\r\n$proj2 = @()\r\ntry{ $proj2 = @($proj | Sort-Object -Property ts -Descending) }catch{ $proj2 = @($proj) }\r\n\r\nforeach($x in $proj2){\r\n  [void]$md.Add((\"* **{0}** [{1}/{2}] {3}\" -f $x.ts,$x.front,$x.level,$x.code))\r\n}\r\n\r\n[System.IO.File]::WriteAllText($reportMd, ($md -join [Environment]::NewLine), $utf8NoBom)\r\n# END_VG_MD_SAFE_V5\r\n\r\nOk (\"WRITE_OK={0}\" -f $reportJson)\r\nOk (\"WRITE_OK={0}\" -f $reportMd)\r\n# BEGIN_VG_SIGNALS_COUNT_SAFE_V1\r\n\r\n# BEGIN_VG_TRIM_SECOND_HEADER_V1\r\n# Trimmed duplicate [CmdletBinding()] header + tail content\r\n# END_VG_TRIM_SECOND_HEADER_V1\r\n",
    "context": "     434:   AddSig \"HEARTBEAT\" \"WARN\" \"READ_FAIL\" @{ err=$_.Exception.Message }\r\n     435: }\r\n     436: \r\n     437: # AGENT/WATCHDOG (DO NOT use $pid name)\r\n     438: try{\r\n     439:   $agentPid = $null\r\n     440:   if(Test-Path -LiteralPath $paths.pid_file -PathType Leaf){\r\n     441:     $rawPid = (Get-Content -LiteralPath $paths.pid_file -Raw -EA SilentlyContinue)\r\n     442:     if($null -ne $rawPid){\r\n     443:       $rawPid = $rawPid.Trim()\r\n>>   444:       if($rawPid -match '^\\d+$'){ $agentPid = [int]$rawPid }\r\n     445:     }\r\n     446:     AddSig \"AGENT\" \"OK\" \"PID_FILE\" @{ path=$paths.pid_file; pid=$agentPid }\r\n     447:   } else {\r\n     448:     AddSig \"AGENT\" \"WARN\" \"NO_PID_FILE\" @{ path=$paths.pid_file }\r\n     449:   }\r\n     450: \r\n     451:   if($agentPid){\r\n     452:     $proc = Get-Process -Id $agentPid -EA SilentlyContinue\r\n     453:     if($null -ne $proc){\r\n     454:       AddSig \"AGENT\" \"OK\" \"PID_ALIVE\" @{ pid=$agentPid; name=$proc.ProcessName; start=$proc.StartTime }"
  },
  {
    "path": "D:\\VGPlatform\\core\\ops\\diag\\VG_FrontAudit_All_v4.ps1",
    "line": 140,
    "col": 26,
    "message": "Missing ')' in method call.",
    "text": "",
    "context": "     130:   AddSig \"HEARTBEAT\" \"WARN\" \"READ_FAIL\" @{ err=$_.Exception.Message }\r\n     131: }\r\n     132: \r\n     133: # AGENT/WATCHDOG (DO NOT use $pid name)\r\n     134: try{\r\n     135:   $agentPid = $null\r\n     136:   if(Test-Path -LiteralPath $paths.pid_file -PathType Leaf){\r\n     137:     $rawPid = (Get-Content -LiteralPath $paths.pid_file -Raw -EA SilentlyContinue)\r\n     138:     if($null -ne $rawPid){\r\n     139:       $rawPid = $rawPid.Trim()\r\n>>   140:       if($rawPid -match '^\\d+$'){ $agentPid = [int]$rawPid }\r\n     141:     }\r\n     142:     AddSig \"AGENT\" \"OK\" \"PID_FILE\" @{ path=$paths.pid_file; pid=$agentPid }\r\n     143:   } else {\r\n     144:     AddSig \"AGENT\" \"WARN\" \"NO_PID_FILE\" @{ path=$paths.pid_file }\r\n     145:   }\r\n     146: \r\n     147:   if($agentPid){\r\n     148:     $proc = Get-Process -Id $agentPid -EA SilentlyContinue\r\n     149:     if($null -ne $proc){\r\n     150:       AddSig \"AGENT\" \"OK\" \"PID_ALIVE\" @{ pid=$agentPid; name=$proc.ProcessName; start=$proc.StartTime }"
  },
  {
    "path": "D:\\VGPlatform\\core\\ops\\diag\\VG_FrontAudit_All_v4.ps1",
    "line": 140,
    "col": 26,
    "message": "Unexpected token '^\\d+$'){ $agentPid = [int]$rawPid }\r\n    }\r\n    AddSig \"AGENT\" \"OK\" \"PID_FILE\" @{ path=$paths.pid_file; pid=$agentPid }\r\n  } else {\r\n    AddSig \"AGENT\" \"WARN\" \"NO_PID_FILE\" @{ path=$paths.pid_file }\r\n  }\r\n\r\n  if($agentPid){\r\n    $proc = Get-Process -Id $agentPid -EA SilentlyContinue\r\n    if($null -ne $proc){\r\n      AddSig \"AGENT\" \"OK\" \"PID_ALIVE\" @{ pid=$agentPid; name=$proc.ProcessName; start=$proc.StartTime }\r\n    } else {\r\n      AddSig \"AGENT\" \"WARN\" \"PID_NOT_RUNNING\" @{ pid=$agentPid }\r\n    }\r\n  }\r\n\r\n  if(Test-Path -LiteralPath $paths.log_agent -PathType Container){\r\n    $la1 = GetNewestFile $paths.log_agent \"agent_*.log\"\r\n    $la2 = GetNewestFile $paths.log_agent \"watchdog_*.log\"\r\n    if($la1){ AddSig \"AGENT\" \"OK\" \"NEWEST_AGENT_LOG\" @{ path=$la1.FullName; size=$la1.Length; ts=$la1.LastWriteTime } } else { AddSig \"AGENT\" \"WARN\" \"NO_AGENT_LOG\" @{} }\r\n    if($la2){ AddSig \"WATCHDOG\" \"OK\" \"NEWEST_WATCHDOG_LOG\" @{ path=$la2.FullName; size=$la2.Length; ts=$la2.LastWriteTime } } else { AddSig \"WATCHDOG\" \"WARN\" \"NO_WATCHDOG_LOG\" @{} }\r\n  }\r\n} catch {\r\n  AddSig \"AGENT\" \"WARN\" \"CHECK_FAIL\" @{ err=$_.Exception.Message }\r\n}\r\n\r\n# DASHBOARD (ports + python procs + newest log)\r\ntry{\r\n  $ports = @()\r\n  foreach($pp in @(8501,8502)){\r\n    $c = @(PortInfo $pp)\r\n    if(@($c).Count -gt 0){\r\n      $ports += [pscustomobject]@{\r\n        port  = $pp\r\n        count = @($c).Count\r\n        local = [string]$c[0].LocalAddress\r\n        pid   = [int]$c[0].OwningProcess\r\n      }\r\n    }\r\n  }\r\n  if($ports.Count -gt 0){ AddSig \"DASHBOARD\" \"OK\" \"PORT_LISTEN\" $ports } else { AddSig \"DASHBOARD\" \"WARN\" \"NO_LISTENER_8501_8502\" @{} }\r\n\r\n  $pyProcs = @(\r\n    Get-CimInstance Win32_Process -EA SilentlyContinue |\r\n      Where-Object { $_.Name -in @(\"python.exe\",\"pythonw.exe\") } |\r\n      Where-Object { $_.CommandLine -and ($_.CommandLine -like \"*streamlit*\" -or $_.CommandLine -like \"*start_dashboard.py*\") } |\r\n      Select-Object -First 5 ProcessId,CreationDate,Name,CommandLine\r\n  )\r\n  if(@($pyProcs).Count -gt 0){ AddSig \"DASHBOARD\" \"OK\" \"PY_PROCS\" @($pyProcs) } else { AddSig \"DASHBOARD\" \"WARN\" \"NO_STREAMLIT_PROCS\" @{} }\r\n\r\n  if(Test-Path -LiteralPath $paths.log_dash -PathType Container){\r\n    $ld = GetNewestFile $paths.log_dash \"dashboard_*.log\"\r\n    if($ld){\r\n      AddSig \"DASHBOARD\" \"OK\" \"NEWEST_LOG\" @{ path=$ld.FullName; size=$ld.Length; ts=$ld.LastWriteTime }\r\n      if($ld.Length -eq 0){ AddSig \"DASHBOARD\" \"WARN\" \"LOG_EMPTY\" @{ path=$ld.FullName } }\r\n    } else {\r\n      AddSig \"DASHBOARD\" \"WARN\" \"NO_LOGS\" @{ dir=$paths.log_dash }\r\n    }\r\n  } else {\r\n    AddSig \"DASHBOARD\" \"WARN\" \"NO_LOG_DIR\" @{ dir=$paths.log_dash }\r\n  }\r\n} catch {\r\n  AddSig \"DASHBOARD\" \"WARN\" \"CHECK_FAIL\" @{ err=$_.Exception.Message }\r\n}\r\n\r\n# OPS: VG pwsh procs\r\ntry{\r\n  $vgPwsh = @(\r\n    Get-CimInstance Win32_Process -EA SilentlyContinue |\r\n      Where-Object { $_.Name -in @(\"pwsh.exe\",\"powershell.exe\") } |\r\n      Where-Object { $_.CommandLine -and $_.CommandLine -like \"*D:\\VGPlatform*\" } |\r\n      Select-Object ProcessId,CreationDate,Name,CommandLine\r\n  )\r\n  AddSig \"OPS\" \"OK\" \"VG_PWSH_PROCS\" @{ count=@($vgPwsh).Count; procs=$vgPwsh }\r\n} catch {\r\n  AddSig \"OPS\" \"WARN\" \"VG_PWSH_PROCS_FAIL\" @{ err=$_.Exception.Message }\r\n}\r\n\r\n# TASKS\r\ntry{\r\n  $tasks = @(\"VGAgent\",\"VGDashboard\",\"VGAgentWatchdog\",\"VGLogsRotate\",\"VGLogsCap\")\r\n  foreach($t in $tasks){\r\n    $st = Get-ScheduledTask -TaskName $t -EA SilentlyContinue\r\n    if($null -eq $st){ AddSig \"TASKS\" \"WARN\" \"TASK_NOT_FOUND\" @{ task=$t }; continue }\r\n    $info = Get-ScheduledTaskInfo -TaskName $t -EA SilentlyContinue\r\n    AddSig \"TASKS\" \"OK\" \"TASK\" @{\r\n      task=$t\r\n      state=[string]$st.State\r\n      lastRun=[string]$info.LastRunTime\r\n      lastResult=(\"0x{0:X}\" -f $info.LastTaskResult)\r\n      nextRun=[string]$info.NextRunTime\r\n      missed=[int]$info.NumberOfMissedRuns\r\n    }\r\n  }\r\n} catch {\r\n  AddSig \"TASKS\" \"WARN\" \"TASKS_FAIL\" @{ err=$_.Exception.Message }\r\n}\r\n\r\n# WRITE reports\r\n# (safe) convert signals list -> array, and ensure strings are strings\r\n$signalsArr = @()\r\ntry{\r\n  if($null -ne $signals){\r\n    if($signals -is [System.Collections.ICollection]){\r\n      try{ $signalsArr = @($signals.ToArray()) } catch { $signalsArr = @($signals) }\r\n    } else {\r\n      $signalsArr = @($signals)\r\n    }\r\n  }\r\n}catch{ $signalsArr = @() }\r\n\r\n$payload = [pscustomobject]@{\r\n  generated = [string](NowIso)\r\n  root      = [string]$Root\r\n  signals   = $signalsArr\r\n}\r\n$utf8NoBom = New-Object System.Text.UTF8Encoding($false)\r\n[System.IO.File]::WriteAllText($reportJson, ($payload | ConvertTo-Json -Depth 10), $utf8NoBom)\r\n\r\n# BEGIN_VG_MD_SAFE_V5\r\n$md = New-Object System.Collections.Generic.List[string]\r\n[void]$md.Add(\"# VG Front Audit v5\")\r\n[void]$md.Add(\"\")\r\n[void]$md.Add((\"- generated: \" + [string](NowIso)))\r\n[void]$md.Add((\"- root: \" + [string]$Root))\r\n[void]$md.Add(\"\")\r\n[void]$md.Add(\"## Signals\")\r\n[void]$md.Add(\"\")\r\n\r\n# signals list -> array (defensive) then safe-sort by ts as string\r\n$sArr = @()\r\ntry{\r\n  if($null -ne $signalsArr){ $sArr = @($signalsArr) }\r\n  elseif($null -ne $signals){ $sArr = @($signals) }\r\n}catch{ $sArr = @() }\r\n\r\n# create sortable projection with ts string (avoid binder issues)\r\n$proj = @()\r\nforeach($s in $sArr){\r\n  try{\r\n    $tsStr = \"\"; try{ $tsStr = [string]$s.ts } catch { $tsStr = \"\" }\r\n    $front = \"\"; try{ $front = [string]$s.front } catch { $front = \"\" }\r\n    $level = \"\"; try{ $level = [string]$s.level } catch { $level = \"\" }\r\n    $code  = \"\"; try{ $code  = [string]$s.code  } catch { $code  = \"\" }\r\n    $proj += [pscustomobject]@{ ts=$tsStr; front=$front; level=$level; code=$code }\r\n  }catch{}\r\n}\r\n\r\n# safe sort (string compare)\r\n$proj2 = @()\r\ntry{ $proj2 = @($proj | Sort-Object -Property ts -Descending) }catch{ $proj2 = @($proj) }\r\n\r\nforeach($x in $proj2){\r\n  [void]$md.Add((\"* **{0}** [{1}/{2}] {3}\" -f $x.ts,$x.front,$x.level,$x.code))\r\n}\r\n\r\n[System.IO.File]::WriteAllText($reportMd, ($md -join [Environment]::NewLine), $utf8NoBom)\r\n# END_VG_MD_SAFE_V5\r\n\r\nOk (\"WRITE_OK={0}\" -f $reportJson)\r\nOk (\"WRITE_OK={0}\" -f $reportMd)\r\n# BEGIN_VG_SIGNALS_COUNT_SAFE_V1\r\n\r\n# BEGIN_VG_TRIM_SECOND_HEADER_V1\r\n# Trimmed duplicate [CmdletBinding()] header + tail content\r\n# END_VG_TRIM_SECOND_HEADER_V1\r\n)\n  if($m.Count -gt 1){\n    throw (\"DOUBLE_HEADER_DETECTED CmdletBindingCount={0}\" -f $m.Count)\n  }\n}catch{\n  throw\n}\n# END_VG_GUARD_NO_DOUBLE_HEADER_V1\n$ErrorActionPreference = \"Stop\"\r\n\r\ntrap {\r\n  Write-Host \"=== TRAP ===\"\r\n  Write-Host (\"MSG=\" + $PSItem.Exception.Message)\r\n  Write-Host (\"TYPE=\" + $PSItem.Exception.GetType().FullName)\r\n  Write-Host \"--- ScriptStackTrace ---\"\r\n  Write-Host $PSItem.ScriptStackTrace\r\n  throw\r\n}\r\nfunction Ok([string]$m){ Write-Host (\"OK: {0}\" -f $m) }\r\nfunction Warn([string]$m){ Write-Host (\"WARN: {0}\" -f $m) }\r\nfunction Fail([string]$m){ throw $m }\r\n\r\nfunction EnsureDir([string]$p){\r\n  if([string]::IsNullOrWhiteSpace($p)){ return }\r\n  \r\nfunction CountFilesSafe([string]$dir){\r\n  try{\r\n    if([string]::IsNullOrWhiteSpace($dir)){ return 0 }\r\n    if(Test-Path -LiteralPath $dir -PathType Container){\r\n      return @((Get-ChildItem -LiteralPath $dir -File -EA SilentlyContinue)).Count\r\n    }\r\n  }catch{}\r\n  return 0\r\n}\r\nif(!(Test-Path -LiteralPath $p -PathType Container)){\r\n    New-Item -ItemType Directory -Path $p -Force | Out-Null\r\n  }\r\n}\r\n\r\nfunction ReadJson([string]$p){\r\n  try{ return (Get-Content -LiteralPath $p -Raw -Encoding UTF8 | ConvertFrom-Json) } catch { return $null }\r\n}\r\n\r\nfunction GetNewestFile([string]$dir,[string]$filter){\r\n  try{\r\n    return (Get-ChildItem -LiteralPath $dir -File -Filter $filter -EA SilentlyContinue |\r\n      Sort-Object LastWriteTime -Descending | Select-Object -First 1)\r\n  } catch { return $null }\r\n}\r\n\r\nfunction PortInfo([int]$port){\r\n  try{ return @(Get-NetTCPConnection -State Listen -LocalPort $port -EA SilentlyContinue) } catch { return @() }\r\n}\r\n\r\nfunction NowIso(){ return (Get-Date).ToString(\"s\") }\r\n\r\nif(!(Test-Path -LiteralPath $Root -PathType Container)){ Fail (\"ROOT_NOT_FOUND={0}\" -f $Root) }\r\n\r\n$reportDir = Join-Path $Root \"reports\\front_audit\"\r\nEnsureDir $reportDir\r\n$ts = Get-Date -Format \"yyyyMMdd_HHmmss\"\r\n$reportJson = Join-Path $reportDir (\"front_audit_{0}.json\" -f $ts)\r\n$reportMd   = Join-Path $reportDir (\"front_audit_{0}.md\" -f $ts)\r\n\r\n$signals = New-Object System.Collections.Generic.List[object]\r\nfunction AddSig([string]$front,[string]$level,[string]$code,[object]$data){\r\n  [void]$signals.Add([pscustomobject]@{\r\n    ts    = NowIso\r\n    front = $front\r\n    level = $level\r\n    code  = $code\r\n    data  = $data\r\n  })\r\n}\r\n\r\n$paths = @{\r\n  start_agent  = (Join-Path $Root \"core\\orchestrator\\start_agent.ps1\")\r\n  stop_agent   = (Join-Path $Root \"core\\orchestrator\\stop_agent.ps1\")\r\n  watchdog     = (Join-Path $Root \"watchdog\\watchdog_agentB_logger.ps1\")\r\n  queue_worker = (Join-Path $Root \"core\\queue\\queue_worker.ps1\")\r\n  dashboard_py = (Join-Path $Root \"core\\dashboard\\start_dashboard.py\")\r\n  pid_file     = (Join-Path $Root \"runtime\\agent.pid\")\r\n  heartbeat    = (Join-Path $Root \"runtime\\heartbeat.json\")\r\n  q_pending    = (Join-Path $Root \"queue\\pending\")\r\n  q_working    = (Join-Path $Root \"queue\\working\")\r\n  q_done       = (Join-Path $Root \"queue\\done\")\r\n  q_failed     = (Join-Path $Root \"queue\\failed\")\r\n  log_dash     = (Join-Path $Root \"logs\\dashboard\")\r\n  log_agent    = (Join-Path $Root \"logs\\agent\")\r\n}\r\n\r\nforeach($k in $paths.Keys){\r\n  $p = [string]$paths[$k]\r\n  if(Test-Path -LiteralPath $p){\r\n    AddSig \"PRE\" \"OK\" \"EXISTS\" @{ key=$k; path=$p }\r\n  } else {\r\n    AddSig \"PRE\" \"WARN\" \"MISSING\" @{ key=$k; path=$p }\r\n  }\r\n}\r\n\r\n# QUEUE counts (no ternary; StrictMode-safe)\r\ntry{\r\n  $pending = 0; $working = 0; $done = 0; $failed = 0\r\n  if(Test-Path -LiteralPath $paths.q_pending -PathType Container){ $pending = @((Get-ChildItem -LiteralPath $paths.q_pending -File -EA SilentlyContinue)).Count }\r\n  if(Test-Path -LiteralPath $paths.q_working -PathType Container){ $working = @((Get-ChildItem -LiteralPath $paths.q_working -File -EA SilentlyContinue)).Count }\r\n  if(Test-Path -LiteralPath $paths.q_done    -PathType Container){ $done    = @((Get-ChildItem -LiteralPath $paths.q_done    -File -EA SilentlyContinue)).Count }\r\n  if(Test-Path -LiteralPath $paths.q_failed  -PathType Container){ $failed  = @((Get-ChildItem -LiteralPath $paths.q_failed  -File -EA SilentlyContinue)).Count }\r\n  AddSig \"QUEUE\" \"OK\" \"COUNTS\" @{ pending=$pending; working=$working; done=$done; failed=$failed }\r\n} catch {\r\n  AddSig \"QUEUE\" \"WARN\" \"COUNTS_FAIL\" @{ err=$_.Exception.Message }\r\n}\r\n\r\n# HEARTBEAT age\r\ntry{\r\n  if(Test-Path -LiteralPath $paths.heartbeat -PathType Leaf){\r\n    $hb = ReadJson $paths.heartbeat\r\n    if($null -ne $hb -and ($hb.PSObject.Properties.Name -contains \"ts\")){\r\n      $hbTs = [datetime]::Parse([string]$hb.ts)\r\n      $ageSec = [math]::Round(((Get-Date) - $hbTs).TotalSeconds,0)\r\n      AddSig \"HEARTBEAT\" \"OK\" \"AGE\" @{ ts=[string]$hb.ts; ageSec=$ageSec }\r\n      if($ageSec -gt 120){ AddSig \"HEARTBEAT\" \"WARN\" \"STALE\" @{ ageSec=$ageSec } }\r\n    } else {\r\n      AddSig \"HEARTBEAT\" \"WARN\" \"NO_TS\" @{ path=$paths.heartbeat }\r\n    }\r\n  } else {\r\n    AddSig \"HEARTBEAT\" \"WARN\" \"NO_FILE\" @{ path=$paths.heartbeat }\r\n  }\r\n} catch {\r\n  AddSig \"HEARTBEAT\" \"WARN\" \"READ_FAIL\" @{ err=$_.Exception.Message }\r\n}\r\n\r\n# AGENT/WATCHDOG (DO NOT use $pid name)\r\ntry{\r\n  $agentPid = $null\r\n  if(Test-Path -LiteralPath $paths.pid_file -PathType Leaf){\r\n    $rawPid = (Get-Content -LiteralPath $paths.pid_file -Raw -EA SilentlyContinue)\r\n    if($null -ne $rawPid){\r\n      $rawPid = $rawPid.Trim()\r\n      if($rawPid -match '^\\d+$'){ $agentPid = [int]$rawPid }\r\n    }\r\n    AddSig \"AGENT\" \"OK\" \"PID_FILE\" @{ path=$paths.pid_file; pid=$agentPid }\r\n  } else {\r\n    AddSig \"AGENT\" \"WARN\" \"NO_PID_FILE\" @{ path=$paths.pid_file }\r\n  }\r\n\r\n  if($agentPid){\r\n    $proc = Get-Process -Id $agentPid -EA SilentlyContinue\r\n    if($null -ne $proc){\r\n      AddSig \"AGENT\" \"OK\" \"PID_ALIVE\" @{ pid=$agentPid; name=$proc.ProcessName; start=$proc.StartTime }\r\n    } else {\r\n      AddSig \"AGENT\" \"WARN\" \"PID_NOT_RUNNING\" @{ pid=$agentPid }\r\n    }\r\n  }\r\n\r\n  if(Test-Path -LiteralPath $paths.log_agent -PathType Container){\r\n    $la1 = GetNewestFile $paths.log_agent \"agent_*.log\"\r\n    $la2 = GetNewestFile $paths.log_agent \"watchdog_*.log\"\r\n    if($la1){ AddSig \"AGENT\" \"OK\" \"NEWEST_AGENT_LOG\" @{ path=$la1.FullName; size=$la1.Length; ts=$la1.LastWriteTime } } else { AddSig \"AGENT\" \"WARN\" \"NO_AGENT_LOG\" @{} }\r\n    if($la2){ AddSig \"WATCHDOG\" \"OK\" \"NEWEST_WATCHDOG_LOG\" @{ path=$la2.FullName; size=$la2.Length; ts=$la2.LastWriteTime } } else { AddSig \"WATCHDOG\" \"WARN\" \"NO_WATCHDOG_LOG\" @{} }\r\n  }\r\n} catch {\r\n  AddSig \"AGENT\" \"WARN\" \"CHECK_FAIL\" @{ err=$_.Exception.Message }\r\n}\r\n\r\n# DASHBOARD (ports + python procs + newest log)\r\ntry{\r\n  $ports = @()\r\n  foreach($pp in @(8501,8502)){\r\n    $c = @(PortInfo $pp)\r\n    if(@($c).Count -gt 0){\r\n      $ports += [pscustomobject]@{\r\n        port  = $pp\r\n        count = @($c).Count\r\n        local = [string]$c[0].LocalAddress\r\n        pid   = [int]$c[0].OwningProcess\r\n      }\r\n    }\r\n  }\r\n  if($ports.Count -gt 0){ AddSig \"DASHBOARD\" \"OK\" \"PORT_LISTEN\" $ports } else { AddSig \"DASHBOARD\" \"WARN\" \"NO_LISTENER_8501_8502\" @{} }\r\n\r\n  $pyProcs = @(\r\n    Get-CimInstance Win32_Process -EA SilentlyContinue |\r\n      Where-Object { $_.Name -in @(\"python.exe\",\"pythonw.exe\") } |\r\n      Where-Object { $_.CommandLine -and ($_.CommandLine -like \"*streamlit*\" -or $_.CommandLine -like \"*start_dashboard.py*\") } |\r\n      Select-Object -First 5 ProcessId,CreationDate,Name,CommandLine\r\n  )\r\n  if(@($pyProcs).Count -gt 0){ AddSig \"DASHBOARD\" \"OK\" \"PY_PROCS\" @($pyProcs) } else { AddSig \"DASHBOARD\" \"WARN\" \"NO_STREAMLIT_PROCS\" @{} }\r\n\r\n  if(Test-Path -LiteralPath $paths.log_dash -PathType Container){\r\n    $ld = GetNewestFile $paths.log_dash \"dashboard_*.log\"\r\n    if($ld){\r\n      AddSig \"DASHBOARD\" \"OK\" \"NEWEST_LOG\" @{ path=$ld.FullName; size=$ld.Length; ts=$ld.LastWriteTime }\r\n      if($ld.Length -eq 0){ AddSig \"DASHBOARD\" \"WARN\" \"LOG_EMPTY\" @{ path=$ld.FullName } }\r\n    } else {\r\n      AddSig \"DASHBOARD\" \"WARN\" \"NO_LOGS\" @{ dir=$paths.log_dash }\r\n    }\r\n  } else {\r\n    AddSig \"DASHBOARD\" \"WARN\" \"NO_LOG_DIR\" @{ dir=$paths.log_dash }\r\n  }\r\n} catch {\r\n  AddSig \"DASHBOARD\" \"WARN\" \"CHECK_FAIL\" @{ err=$_.Exception.Message }\r\n}\r\n\r\n# OPS: VG pwsh procs\r\ntry{\r\n  $vgPwsh = @(\r\n    Get-CimInstance Win32_Process -EA SilentlyContinue |\r\n      Where-Object { $_.Name -in @(\"pwsh.exe\",\"powershell.exe\") } |\r\n      Where-Object { $_.CommandLine -and $_.CommandLine -like \"*D:\\VGPlatform*\" } |\r\n      Select-Object ProcessId,CreationDate,Name,CommandLine\r\n  )\r\n  AddSig \"OPS\" \"OK\" \"VG_PWSH_PROCS\" @{ count=@($vgPwsh).Count; procs=$vgPwsh }\r\n} catch {\r\n  AddSig \"OPS\" \"WARN\" \"VG_PWSH_PROCS_FAIL\" @{ err=$_.Exception.Message }\r\n}\r\n\r\n# TASKS\r\ntry{\r\n  $tasks = @(\"VGAgent\",\"VGDashboard\",\"VGAgentWatchdog\",\"VGLogsRotate\",\"VGLogsCap\")\r\n  foreach($t in $tasks){\r\n    $st = Get-ScheduledTask -TaskName $t -EA SilentlyContinue\r\n    if($null -eq $st){ AddSig \"TASKS\" \"WARN\" \"TASK_NOT_FOUND\" @{ task=$t }; continue }\r\n    $info = Get-ScheduledTaskInfo -TaskName $t -EA SilentlyContinue\r\n    AddSig \"TASKS\" \"OK\" \"TASK\" @{\r\n      task=$t\r\n      state=[string]$st.State\r\n      lastRun=[string]$info.LastRunTime\r\n      lastResult=(\"0x{0:X}\" -f $info.LastTaskResult)\r\n      nextRun=[string]$info.NextRunTime\r\n      missed=[int]$info.NumberOfMissedRuns\r\n    }\r\n  }\r\n} catch {\r\n  AddSig \"TASKS\" \"WARN\" \"TASKS_FAIL\" @{ err=$_.Exception.Message }\r\n}\r\n\r\n# WRITE reports\r\n# (safe) convert signals list -> array, and ensure strings are strings\r\n$signalsArr = @()\r\ntry{\r\n  if($null -ne $signals){\r\n    if($signals -is [System.Collections.ICollection]){\r\n      try{ $signalsArr = @($signals.ToArray()) } catch { $signalsArr = @($signals) }\r\n    } else {\r\n      $signalsArr = @($signals)\r\n    }\r\n  }\r\n}catch{ $signalsArr = @() }\r\n\r\n$payload = [pscustomobject]@{\r\n  generated = [string](NowIso)\r\n  root      = [string]$Root\r\n  signals   = $signalsArr\r\n}\r\n$utf8NoBom = New-Object System.Text.UTF8Encoding($false)\r\n[System.IO.File]::WriteAllText($reportJson, ($payload | ConvertTo-Json -Depth 10), $utf8NoBom)\r\n\r\n# BEGIN_VG_MD_SAFE_V5\r\n$md = New-Object System.Collections.Generic.List[string]\r\n[void]$md.Add(\"# VG Front Audit v5\")\r\n[void]$md.Add(\"\")\r\n[void]$md.Add((\"- generated: \" + [string](NowIso)))\r\n[void]$md.Add((\"- root: \" + [string]$Root))\r\n[void]$md.Add(\"\")\r\n[void]$md.Add(\"## Signals\")\r\n[void]$md.Add(\"\")\r\n\r\n# signals list -> array (defensive) then safe-sort by ts as string\r\n$sArr = @()\r\ntry{\r\n  if($null -ne $signalsArr){ $sArr = @($signalsArr) }\r\n  elseif($null -ne $signals){ $sArr = @($signals) }\r\n}catch{ $sArr = @() }\r\n\r\n# create sortable projection with ts string (avoid binder issues)\r\n$proj = @()\r\nforeach($s in $sArr){\r\n  try{\r\n    $tsStr = \"\"; try{ $tsStr = [string]$s.ts } catch { $tsStr = \"\" }\r\n    $front = \"\"; try{ $front = [string]$s.front } catch { $front = \"\" }\r\n    $level = \"\"; try{ $level = [string]$s.level } catch { $level = \"\" }\r\n    $code  = \"\"; try{ $code  = [string]$s.code  } catch { $code  = \"\" }\r\n    $proj += [pscustomobject]@{ ts=$tsStr; front=$front; level=$level; code=$code }\r\n  }catch{}\r\n}\r\n\r\n# safe sort (string compare)\r\n$proj2 = @()\r\ntry{ $proj2 = @($proj | Sort-Object -Property ts -Descending) }catch{ $proj2 = @($proj) }\r\n\r\nforeach($x in $proj2){\r\n  [void]$md.Add((\"* **{0}** [{1}/{2}] {3}\" -f $x.ts,$x.front,$x.level,$x.code))\r\n}\r\n\r\n[System.IO.File]::WriteAllText($reportMd, ($md -join [Environment]::NewLine), $utf8NoBom)\r\n# END_VG_MD_SAFE_V5\r\n\r\nOk (\"WRITE_OK={0}\" -f $reportJson)\r\nOk (\"WRITE_OK={0}\" -f $reportMd)\r\n# BEGIN_VG_SIGNALS_COUNT_SAFE_V1\r\n\r\n# BEGIN_VG_TRIM_SECOND_HEADER_V1\r\n# Trimmed duplicate [CmdletBinding()] header + tail content\r\n# END_VG_TRIM_SECOND_HEADER_V1\r\n' in expression or statement.",
    "text": "^\\d+$'){ $agentPid = [int]$rawPid }\r\n    }\r\n    AddSig \"AGENT\" \"OK\" \"PID_FILE\" @{ path=$paths.pid_file; pid=$agentPid }\r\n  } else {\r\n    AddSig \"AGENT\" \"WARN\" \"NO_PID_FILE\" @{ path=$paths.pid_file }\r\n  }\r\n\r\n  if($agentPid){\r\n    $proc = Get-Process -Id $agentPid -EA SilentlyContinue\r\n    if($null -ne $proc){\r\n      AddSig \"AGENT\" \"OK\" \"PID_ALIVE\" @{ pid=$agentPid; name=$proc.ProcessName; start=$proc.StartTime }\r\n    } else {\r\n      AddSig \"AGENT\" \"WARN\" \"PID_NOT_RUNNING\" @{ pid=$agentPid }\r\n    }\r\n  }\r\n\r\n  if(Test-Path -LiteralPath $paths.log_agent -PathType Container){\r\n    $la1 = GetNewestFile $paths.log_agent \"agent_*.log\"\r\n    $la2 = GetNewestFile $paths.log_agent \"watchdog_*.log\"\r\n    if($la1){ AddSig \"AGENT\" \"OK\" \"NEWEST_AGENT_LOG\" @{ path=$la1.FullName; size=$la1.Length; ts=$la1.LastWriteTime } } else { AddSig \"AGENT\" \"WARN\" \"NO_AGENT_LOG\" @{} }\r\n    if($la2){ AddSig \"WATCHDOG\" \"OK\" \"NEWEST_WATCHDOG_LOG\" @{ path=$la2.FullName; size=$la2.Length; ts=$la2.LastWriteTime } } else { AddSig \"WATCHDOG\" \"WARN\" \"NO_WATCHDOG_LOG\" @{} }\r\n  }\r\n} catch {\r\n  AddSig \"AGENT\" \"WARN\" \"CHECK_FAIL\" @{ err=$_.Exception.Message }\r\n}\r\n\r\n# DASHBOARD (ports + python procs + newest log)\r\ntry{\r\n  $ports = @()\r\n  foreach($pp in @(8501,8502)){\r\n    $c = @(PortInfo $pp)\r\n    if(@($c).Count -gt 0){\r\n      $ports += [pscustomobject]@{\r\n        port  = $pp\r\n        count = @($c).Count\r\n        local = [string]$c[0].LocalAddress\r\n        pid   = [int]$c[0].OwningProcess\r\n      }\r\n    }\r\n  }\r\n  if($ports.Count -gt 0){ AddSig \"DASHBOARD\" \"OK\" \"PORT_LISTEN\" $ports } else { AddSig \"DASHBOARD\" \"WARN\" \"NO_LISTENER_8501_8502\" @{} }\r\n\r\n  $pyProcs = @(\r\n    Get-CimInstance Win32_Process -EA SilentlyContinue |\r\n      Where-Object { $_.Name -in @(\"python.exe\",\"pythonw.exe\") } |\r\n      Where-Object { $_.CommandLine -and ($_.CommandLine -like \"*streamlit*\" -or $_.CommandLine -like \"*start_dashboard.py*\") } |\r\n      Select-Object -First 5 ProcessId,CreationDate,Name,CommandLine\r\n  )\r\n  if(@($pyProcs).Count -gt 0){ AddSig \"DASHBOARD\" \"OK\" \"PY_PROCS\" @($pyProcs) } else { AddSig \"DASHBOARD\" \"WARN\" \"NO_STREAMLIT_PROCS\" @{} }\r\n\r\n  if(Test-Path -LiteralPath $paths.log_dash -PathType Container){\r\n    $ld = GetNewestFile $paths.log_dash \"dashboard_*.log\"\r\n    if($ld){\r\n      AddSig \"DASHBOARD\" \"OK\" \"NEWEST_LOG\" @{ path=$ld.FullName; size=$ld.Length; ts=$ld.LastWriteTime }\r\n      if($ld.Length -eq 0){ AddSig \"DASHBOARD\" \"WARN\" \"LOG_EMPTY\" @{ path=$ld.FullName } }\r\n    } else {\r\n      AddSig \"DASHBOARD\" \"WARN\" \"NO_LOGS\" @{ dir=$paths.log_dash }\r\n    }\r\n  } else {\r\n    AddSig \"DASHBOARD\" \"WARN\" \"NO_LOG_DIR\" @{ dir=$paths.log_dash }\r\n  }\r\n} catch {\r\n  AddSig \"DASHBOARD\" \"WARN\" \"CHECK_FAIL\" @{ err=$_.Exception.Message }\r\n}\r\n\r\n# OPS: VG pwsh procs\r\ntry{\r\n  $vgPwsh = @(\r\n    Get-CimInstance Win32_Process -EA SilentlyContinue |\r\n      Where-Object { $_.Name -in @(\"pwsh.exe\",\"powershell.exe\") } |\r\n      Where-Object { $_.CommandLine -and $_.CommandLine -like \"*D:\\VGPlatform*\" } |\r\n      Select-Object ProcessId,CreationDate,Name,CommandLine\r\n  )\r\n  AddSig \"OPS\" \"OK\" \"VG_PWSH_PROCS\" @{ count=@($vgPwsh).Count; procs=$vgPwsh }\r\n} catch {\r\n  AddSig \"OPS\" \"WARN\" \"VG_PWSH_PROCS_FAIL\" @{ err=$_.Exception.Message }\r\n}\r\n\r\n# TASKS\r\ntry{\r\n  $tasks = @(\"VGAgent\",\"VGDashboard\",\"VGAgentWatchdog\",\"VGLogsRotate\",\"VGLogsCap\")\r\n  foreach($t in $tasks){\r\n    $st = Get-ScheduledTask -TaskName $t -EA SilentlyContinue\r\n    if($null -eq $st){ AddSig \"TASKS\" \"WARN\" \"TASK_NOT_FOUND\" @{ task=$t }; continue }\r\n    $info = Get-ScheduledTaskInfo -TaskName $t -EA SilentlyContinue\r\n    AddSig \"TASKS\" \"OK\" \"TASK\" @{\r\n      task=$t\r\n      state=[string]$st.State\r\n      lastRun=[string]$info.LastRunTime\r\n      lastResult=(\"0x{0:X}\" -f $info.LastTaskResult)\r\n      nextRun=[string]$info.NextRunTime\r\n      missed=[int]$info.NumberOfMissedRuns\r\n    }\r\n  }\r\n} catch {\r\n  AddSig \"TASKS\" \"WARN\" \"TASKS_FAIL\" @{ err=$_.Exception.Message }\r\n}\r\n\r\n# WRITE reports\r\n# (safe) convert signals list -> array, and ensure strings are strings\r\n$signalsArr = @()\r\ntry{\r\n  if($null -ne $signals){\r\n    if($signals -is [System.Collections.ICollection]){\r\n      try{ $signalsArr = @($signals.ToArray()) } catch { $signalsArr = @($signals) }\r\n    } else {\r\n      $signalsArr = @($signals)\r\n    }\r\n  }\r\n}catch{ $signalsArr = @() }\r\n\r\n$payload = [pscustomobject]@{\r\n  generated = [string](NowIso)\r\n  root      = [string]$Root\r\n  signals   = $signalsArr\r\n}\r\n$utf8NoBom = New-Object System.Text.UTF8Encoding($false)\r\n[System.IO.File]::WriteAllText($reportJson, ($payload | ConvertTo-Json -Depth 10), $utf8NoBom)\r\n\r\n# BEGIN_VG_MD_SAFE_V5\r\n$md = New-Object System.Collections.Generic.List[string]\r\n[void]$md.Add(\"# VG Front Audit v5\")\r\n[void]$md.Add(\"\")\r\n[void]$md.Add((\"- generated: \" + [string](NowIso)))\r\n[void]$md.Add((\"- root: \" + [string]$Root))\r\n[void]$md.Add(\"\")\r\n[void]$md.Add(\"## Signals\")\r\n[void]$md.Add(\"\")\r\n\r\n# signals list -> array (defensive) then safe-sort by ts as string\r\n$sArr = @()\r\ntry{\r\n  if($null -ne $signalsArr){ $sArr = @($signalsArr) }\r\n  elseif($null -ne $signals){ $sArr = @($signals) }\r\n}catch{ $sArr = @() }\r\n\r\n# create sortable projection with ts string (avoid binder issues)\r\n$proj = @()\r\nforeach($s in $sArr){\r\n  try{\r\n    $tsStr = \"\"; try{ $tsStr = [string]$s.ts } catch { $tsStr = \"\" }\r\n    $front = \"\"; try{ $front = [string]$s.front } catch { $front = \"\" }\r\n    $level = \"\"; try{ $level = [string]$s.level } catch { $level = \"\" }\r\n    $code  = \"\"; try{ $code  = [string]$s.code  } catch { $code  = \"\" }\r\n    $proj += [pscustomobject]@{ ts=$tsStr; front=$front; level=$level; code=$code }\r\n  }catch{}\r\n}\r\n\r\n# safe sort (string compare)\r\n$proj2 = @()\r\ntry{ $proj2 = @($proj | Sort-Object -Property ts -Descending) }catch{ $proj2 = @($proj) }\r\n\r\nforeach($x in $proj2){\r\n  [void]$md.Add((\"* **{0}** [{1}/{2}] {3}\" -f $x.ts,$x.front,$x.level,$x.code))\r\n}\r\n\r\n[System.IO.File]::WriteAllText($reportMd, ($md -join [Environment]::NewLine), $utf8NoBom)\r\n# END_VG_MD_SAFE_V5\r\n\r\nOk (\"WRITE_OK={0}\" -f $reportJson)\r\nOk (\"WRITE_OK={0}\" -f $reportMd)\r\n# BEGIN_VG_SIGNALS_COUNT_SAFE_V1\r\n\r\n# BEGIN_VG_TRIM_SECOND_HEADER_V1\r\n# Trimmed duplicate [CmdletBinding()] header + tail content\r\n# END_VG_TRIM_SECOND_HEADER_V1\r\n)\n  if($m.Count -gt 1){\n    throw (\"DOUBLE_HEADER_DETECTED CmdletBindingCount={0}\" -f $m.Count)\n  }\n}catch{\n  throw\n}\n# END_VG_GUARD_NO_DOUBLE_HEADER_V1\n$ErrorActionPreference = \"Stop\"\r\n\r\ntrap {\r\n  Write-Host \"=== TRAP ===\"\r\n  Write-Host (\"MSG=\" + $PSItem.Exception.Message)\r\n  Write-Host (\"TYPE=\" + $PSItem.Exception.GetType().FullName)\r\n  Write-Host \"--- ScriptStackTrace ---\"\r\n  Write-Host $PSItem.ScriptStackTrace\r\n  throw\r\n}\r\nfunction Ok([string]$m){ Write-Host (\"OK: {0}\" -f $m) }\r\nfunction Warn([string]$m){ Write-Host (\"WARN: {0}\" -f $m) }\r\nfunction Fail([string]$m){ throw $m }\r\n\r\nfunction EnsureDir([string]$p){\r\n  if([string]::IsNullOrWhiteSpace($p)){ return }\r\n  \r\nfunction CountFilesSafe([string]$dir){\r\n  try{\r\n    if([string]::IsNullOrWhiteSpace($dir)){ return 0 }\r\n    if(Test-Path -LiteralPath $dir -PathType Container){\r\n      return @((Get-ChildItem -LiteralPath $dir -File -EA SilentlyContinue)).Count\r\n    }\r\n  }catch{}\r\n  return 0\r\n}\r\nif(!(Test-Path -LiteralPath $p -PathType Container)){\r\n    New-Item -ItemType Directory -Path $p -Force | Out-Null\r\n  }\r\n}\r\n\r\nfunction ReadJson([string]$p){\r\n  try{ return (Get-Content -LiteralPath $p -Raw -Encoding UTF8 | ConvertFrom-Json) } catch { return $null }\r\n}\r\n\r\nfunction GetNewestFile([string]$dir,[string]$filter){\r\n  try{\r\n    return (Get-ChildItem -LiteralPath $dir -File -Filter $filter -EA SilentlyContinue |\r\n      Sort-Object LastWriteTime -Descending | Select-Object -First 1)\r\n  } catch { return $null }\r\n}\r\n\r\nfunction PortInfo([int]$port){\r\n  try{ return @(Get-NetTCPConnection -State Listen -LocalPort $port -EA SilentlyContinue) } catch { return @() }\r\n}\r\n\r\nfunction NowIso(){ return (Get-Date).ToString(\"s\") }\r\n\r\nif(!(Test-Path -LiteralPath $Root -PathType Container)){ Fail (\"ROOT_NOT_FOUND={0}\" -f $Root) }\r\n\r\n$reportDir = Join-Path $Root \"reports\\front_audit\"\r\nEnsureDir $reportDir\r\n$ts = Get-Date -Format \"yyyyMMdd_HHmmss\"\r\n$reportJson = Join-Path $reportDir (\"front_audit_{0}.json\" -f $ts)\r\n$reportMd   = Join-Path $reportDir (\"front_audit_{0}.md\" -f $ts)\r\n\r\n$signals = New-Object System.Collections.Generic.List[object]\r\nfunction AddSig([string]$front,[string]$level,[string]$code,[object]$data){\r\n  [void]$signals.Add([pscustomobject]@{\r\n    ts    = NowIso\r\n    front = $front\r\n    level = $level\r\n    code  = $code\r\n    data  = $data\r\n  })\r\n}\r\n\r\n$paths = @{\r\n  start_agent  = (Join-Path $Root \"core\\orchestrator\\start_agent.ps1\")\r\n  stop_agent   = (Join-Path $Root \"core\\orchestrator\\stop_agent.ps1\")\r\n  watchdog     = (Join-Path $Root \"watchdog\\watchdog_agentB_logger.ps1\")\r\n  queue_worker = (Join-Path $Root \"core\\queue\\queue_worker.ps1\")\r\n  dashboard_py = (Join-Path $Root \"core\\dashboard\\start_dashboard.py\")\r\n  pid_file     = (Join-Path $Root \"runtime\\agent.pid\")\r\n  heartbeat    = (Join-Path $Root \"runtime\\heartbeat.json\")\r\n  q_pending    = (Join-Path $Root \"queue\\pending\")\r\n  q_working    = (Join-Path $Root \"queue\\working\")\r\n  q_done       = (Join-Path $Root \"queue\\done\")\r\n  q_failed     = (Join-Path $Root \"queue\\failed\")\r\n  log_dash     = (Join-Path $Root \"logs\\dashboard\")\r\n  log_agent    = (Join-Path $Root \"logs\\agent\")\r\n}\r\n\r\nforeach($k in $paths.Keys){\r\n  $p = [string]$paths[$k]\r\n  if(Test-Path -LiteralPath $p){\r\n    AddSig \"PRE\" \"OK\" \"EXISTS\" @{ key=$k; path=$p }\r\n  } else {\r\n    AddSig \"PRE\" \"WARN\" \"MISSING\" @{ key=$k; path=$p }\r\n  }\r\n}\r\n\r\n# QUEUE counts (no ternary; StrictMode-safe)\r\ntry{\r\n  $pending = 0; $working = 0; $done = 0; $failed = 0\r\n  if(Test-Path -LiteralPath $paths.q_pending -PathType Container){ $pending = @((Get-ChildItem -LiteralPath $paths.q_pending -File -EA SilentlyContinue)).Count }\r\n  if(Test-Path -LiteralPath $paths.q_working -PathType Container){ $working = @((Get-ChildItem -LiteralPath $paths.q_working -File -EA SilentlyContinue)).Count }\r\n  if(Test-Path -LiteralPath $paths.q_done    -PathType Container){ $done    = @((Get-ChildItem -LiteralPath $paths.q_done    -File -EA SilentlyContinue)).Count }\r\n  if(Test-Path -LiteralPath $paths.q_failed  -PathType Container){ $failed  = @((Get-ChildItem -LiteralPath $paths.q_failed  -File -EA SilentlyContinue)).Count }\r\n  AddSig \"QUEUE\" \"OK\" \"COUNTS\" @{ pending=$pending; working=$working; done=$done; failed=$failed }\r\n} catch {\r\n  AddSig \"QUEUE\" \"WARN\" \"COUNTS_FAIL\" @{ err=$_.Exception.Message }\r\n}\r\n\r\n# HEARTBEAT age\r\ntry{\r\n  if(Test-Path -LiteralPath $paths.heartbeat -PathType Leaf){\r\n    $hb = ReadJson $paths.heartbeat\r\n    if($null -ne $hb -and ($hb.PSObject.Properties.Name -contains \"ts\")){\r\n      $hbTs = [datetime]::Parse([string]$hb.ts)\r\n      $ageSec = [math]::Round(((Get-Date) - $hbTs).TotalSeconds,0)\r\n      AddSig \"HEARTBEAT\" \"OK\" \"AGE\" @{ ts=[string]$hb.ts; ageSec=$ageSec }\r\n      if($ageSec -gt 120){ AddSig \"HEARTBEAT\" \"WARN\" \"STALE\" @{ ageSec=$ageSec } }\r\n    } else {\r\n      AddSig \"HEARTBEAT\" \"WARN\" \"NO_TS\" @{ path=$paths.heartbeat }\r\n    }\r\n  } else {\r\n    AddSig \"HEARTBEAT\" \"WARN\" \"NO_FILE\" @{ path=$paths.heartbeat }\r\n  }\r\n} catch {\r\n  AddSig \"HEARTBEAT\" \"WARN\" \"READ_FAIL\" @{ err=$_.Exception.Message }\r\n}\r\n\r\n# AGENT/WATCHDOG (DO NOT use $pid name)\r\ntry{\r\n  $agentPid = $null\r\n  if(Test-Path -LiteralPath $paths.pid_file -PathType Leaf){\r\n    $rawPid = (Get-Content -LiteralPath $paths.pid_file -Raw -EA SilentlyContinue)\r\n    if($null -ne $rawPid){\r\n      $rawPid = $rawPid.Trim()\r\n      if($rawPid -match '^\\d+$'){ $agentPid = [int]$rawPid }\r\n    }\r\n    AddSig \"AGENT\" \"OK\" \"PID_FILE\" @{ path=$paths.pid_file; pid=$agentPid }\r\n  } else {\r\n    AddSig \"AGENT\" \"WARN\" \"NO_PID_FILE\" @{ path=$paths.pid_file }\r\n  }\r\n\r\n  if($agentPid){\r\n    $proc = Get-Process -Id $agentPid -EA SilentlyContinue\r\n    if($null -ne $proc){\r\n      AddSig \"AGENT\" \"OK\" \"PID_ALIVE\" @{ pid=$agentPid; name=$proc.ProcessName; start=$proc.StartTime }\r\n    } else {\r\n      AddSig \"AGENT\" \"WARN\" \"PID_NOT_RUNNING\" @{ pid=$agentPid }\r\n    }\r\n  }\r\n\r\n  if(Test-Path -LiteralPath $paths.log_agent -PathType Container){\r\n    $la1 = GetNewestFile $paths.log_agent \"agent_*.log\"\r\n    $la2 = GetNewestFile $paths.log_agent \"watchdog_*.log\"\r\n    if($la1){ AddSig \"AGENT\" \"OK\" \"NEWEST_AGENT_LOG\" @{ path=$la1.FullName; size=$la1.Length; ts=$la1.LastWriteTime } } else { AddSig \"AGENT\" \"WARN\" \"NO_AGENT_LOG\" @{} }\r\n    if($la2){ AddSig \"WATCHDOG\" \"OK\" \"NEWEST_WATCHDOG_LOG\" @{ path=$la2.FullName; size=$la2.Length; ts=$la2.LastWriteTime } } else { AddSig \"WATCHDOG\" \"WARN\" \"NO_WATCHDOG_LOG\" @{} }\r\n  }\r\n} catch {\r\n  AddSig \"AGENT\" \"WARN\" \"CHECK_FAIL\" @{ err=$_.Exception.Message }\r\n}\r\n\r\n# DASHBOARD (ports + python procs + newest log)\r\ntry{\r\n  $ports = @()\r\n  foreach($pp in @(8501,8502)){\r\n    $c = @(PortInfo $pp)\r\n    if(@($c).Count -gt 0){\r\n      $ports += [pscustomobject]@{\r\n        port  = $pp\r\n        count = @($c).Count\r\n        local = [string]$c[0].LocalAddress\r\n        pid   = [int]$c[0].OwningProcess\r\n      }\r\n    }\r\n  }\r\n  if($ports.Count -gt 0){ AddSig \"DASHBOARD\" \"OK\" \"PORT_LISTEN\" $ports } else { AddSig \"DASHBOARD\" \"WARN\" \"NO_LISTENER_8501_8502\" @{} }\r\n\r\n  $pyProcs = @(\r\n    Get-CimInstance Win32_Process -EA SilentlyContinue |\r\n      Where-Object { $_.Name -in @(\"python.exe\",\"pythonw.exe\") } |\r\n      Where-Object { $_.CommandLine -and ($_.CommandLine -like \"*streamlit*\" -or $_.CommandLine -like \"*start_dashboard.py*\") } |\r\n      Select-Object -First 5 ProcessId,CreationDate,Name,CommandLine\r\n  )\r\n  if(@($pyProcs).Count -gt 0){ AddSig \"DASHBOARD\" \"OK\" \"PY_PROCS\" @($pyProcs) } else { AddSig \"DASHBOARD\" \"WARN\" \"NO_STREAMLIT_PROCS\" @{} }\r\n\r\n  if(Test-Path -LiteralPath $paths.log_dash -PathType Container){\r\n    $ld = GetNewestFile $paths.log_dash \"dashboard_*.log\"\r\n    if($ld){\r\n      AddSig \"DASHBOARD\" \"OK\" \"NEWEST_LOG\" @{ path=$ld.FullName; size=$ld.Length; ts=$ld.LastWriteTime }\r\n      if($ld.Length -eq 0){ AddSig \"DASHBOARD\" \"WARN\" \"LOG_EMPTY\" @{ path=$ld.FullName } }\r\n    } else {\r\n      AddSig \"DASHBOARD\" \"WARN\" \"NO_LOGS\" @{ dir=$paths.log_dash }\r\n    }\r\n  } else {\r\n    AddSig \"DASHBOARD\" \"WARN\" \"NO_LOG_DIR\" @{ dir=$paths.log_dash }\r\n  }\r\n} catch {\r\n  AddSig \"DASHBOARD\" \"WARN\" \"CHECK_FAIL\" @{ err=$_.Exception.Message }\r\n}\r\n\r\n# OPS: VG pwsh procs\r\ntry{\r\n  $vgPwsh = @(\r\n    Get-CimInstance Win32_Process -EA SilentlyContinue |\r\n      Where-Object { $_.Name -in @(\"pwsh.exe\",\"powershell.exe\") } |\r\n      Where-Object { $_.CommandLine -and $_.CommandLine -like \"*D:\\VGPlatform*\" } |\r\n      Select-Object ProcessId,CreationDate,Name,CommandLine\r\n  )\r\n  AddSig \"OPS\" \"OK\" \"VG_PWSH_PROCS\" @{ count=@($vgPwsh).Count; procs=$vgPwsh }\r\n} catch {\r\n  AddSig \"OPS\" \"WARN\" \"VG_PWSH_PROCS_FAIL\" @{ err=$_.Exception.Message }\r\n}\r\n\r\n# TASKS\r\ntry{\r\n  $tasks = @(\"VGAgent\",\"VGDashboard\",\"VGAgentWatchdog\",\"VGLogsRotate\",\"VGLogsCap\")\r\n  foreach($t in $tasks){\r\n    $st = Get-ScheduledTask -TaskName $t -EA SilentlyContinue\r\n    if($null -eq $st){ AddSig \"TASKS\" \"WARN\" \"TASK_NOT_FOUND\" @{ task=$t }; continue }\r\n    $info = Get-ScheduledTaskInfo -TaskName $t -EA SilentlyContinue\r\n    AddSig \"TASKS\" \"OK\" \"TASK\" @{\r\n      task=$t\r\n      state=[string]$st.State\r\n      lastRun=[string]$info.LastRunTime\r\n      lastResult=(\"0x{0:X}\" -f $info.LastTaskResult)\r\n      nextRun=[string]$info.NextRunTime\r\n      missed=[int]$info.NumberOfMissedRuns\r\n    }\r\n  }\r\n} catch {\r\n  AddSig \"TASKS\" \"WARN\" \"TASKS_FAIL\" @{ err=$_.Exception.Message }\r\n}\r\n\r\n# WRITE reports\r\n# (safe) convert signals list -> array, and ensure strings are strings\r\n$signalsArr = @()\r\ntry{\r\n  if($null -ne $signals){\r\n    if($signals -is [System.Collections.ICollection]){\r\n      try{ $signalsArr = @($signals.ToArray()) } catch { $signalsArr = @($signals) }\r\n    } else {\r\n      $signalsArr = @($signals)\r\n    }\r\n  }\r\n}catch{ $signalsArr = @() }\r\n\r\n$payload = [pscustomobject]@{\r\n  generated = [string](NowIso)\r\n  root      = [string]$Root\r\n  signals   = $signalsArr\r\n}\r\n$utf8NoBom = New-Object System.Text.UTF8Encoding($false)\r\n[System.IO.File]::WriteAllText($reportJson, ($payload | ConvertTo-Json -Depth 10), $utf8NoBom)\r\n\r\n# BEGIN_VG_MD_SAFE_V5\r\n$md = New-Object System.Collections.Generic.List[string]\r\n[void]$md.Add(\"# VG Front Audit v5\")\r\n[void]$md.Add(\"\")\r\n[void]$md.Add((\"- generated: \" + [string](NowIso)))\r\n[void]$md.Add((\"- root: \" + [string]$Root))\r\n[void]$md.Add(\"\")\r\n[void]$md.Add(\"## Signals\")\r\n[void]$md.Add(\"\")\r\n\r\n# signals list -> array (defensive) then safe-sort by ts as string\r\n$sArr = @()\r\ntry{\r\n  if($null -ne $signalsArr){ $sArr = @($signalsArr) }\r\n  elseif($null -ne $signals){ $sArr = @($signals) }\r\n}catch{ $sArr = @() }\r\n\r\n# create sortable projection with ts string (avoid binder issues)\r\n$proj = @()\r\nforeach($s in $sArr){\r\n  try{\r\n    $tsStr = \"\"; try{ $tsStr = [string]$s.ts } catch { $tsStr = \"\" }\r\n    $front = \"\"; try{ $front = [string]$s.front } catch { $front = \"\" }\r\n    $level = \"\"; try{ $level = [string]$s.level } catch { $level = \"\" }\r\n    $code  = \"\"; try{ $code  = [string]$s.code  } catch { $code  = \"\" }\r\n    $proj += [pscustomobject]@{ ts=$tsStr; front=$front; level=$level; code=$code }\r\n  }catch{}\r\n}\r\n\r\n# safe sort (string compare)\r\n$proj2 = @()\r\ntry{ $proj2 = @($proj | Sort-Object -Property ts -Descending) }catch{ $proj2 = @($proj) }\r\n\r\nforeach($x in $proj2){\r\n  [void]$md.Add((\"* **{0}** [{1}/{2}] {3}\" -f $x.ts,$x.front,$x.level,$x.code))\r\n}\r\n\r\n[System.IO.File]::WriteAllText($reportMd, ($md -join [Environment]::NewLine), $utf8NoBom)\r\n# END_VG_MD_SAFE_V5\r\n\r\nOk (\"WRITE_OK={0}\" -f $reportJson)\r\nOk (\"WRITE_OK={0}\" -f $reportMd)\r\n# BEGIN_VG_SIGNALS_COUNT_SAFE_V1\r\n\r\n# BEGIN_VG_TRIM_SECOND_HEADER_V1\r\n# Trimmed duplicate [CmdletBinding()] header + tail content\r\n# END_VG_TRIM_SECOND_HEADER_V1\r\n",
    "context": "     130:   AddSig \"HEARTBEAT\" \"WARN\" \"READ_FAIL\" @{ err=$_.Exception.Message }\r\n     131: }\r\n     132: \r\n     133: # AGENT/WATCHDOG (DO NOT use $pid name)\r\n     134: try{\r\n     135:   $agentPid = $null\r\n     136:   if(Test-Path -LiteralPath $paths.pid_file -PathType Leaf){\r\n     137:     $rawPid = (Get-Content -LiteralPath $paths.pid_file -Raw -EA SilentlyContinue)\r\n     138:     if($null -ne $rawPid){\r\n     139:       $rawPid = $rawPid.Trim()\r\n>>   140:       if($rawPid -match '^\\d+$'){ $agentPid = [int]$rawPid }\r\n     141:     }\r\n     142:     AddSig \"AGENT\" \"OK\" \"PID_FILE\" @{ path=$paths.pid_file; pid=$agentPid }\r\n     143:   } else {\r\n     144:     AddSig \"AGENT\" \"WARN\" \"NO_PID_FILE\" @{ path=$paths.pid_file }\r\n     145:   }\r\n     146: \r\n     147:   if($agentPid){\r\n     148:     $proc = Get-Process -Id $agentPid -EA SilentlyContinue\r\n     149:     if($null -ne $proc){\r\n     150:       AddSig \"AGENT\" \"OK\" \"PID_ALIVE\" @{ pid=$agentPid; name=$proc.ProcessName; start=$proc.StartTime }"
  },
  {
    "path": "D:\\VGPlatform\\core\\ops\\diag\\VG_FrontAudit_All_v4.ps1",
    "line": 9,
    "col": 4,
    "message": "Missing closing '}' in statement block or type definition.",
    "text": "{",
    "context": "       1: [CmdletBinding()]\r\n       2: param(\r\n       3:   [Parameter()][string]$Root = \"D:\\VGPlatform\",\r\n       4:   [Parameter()][switch]$NoRecurseHeavy\r\n       5: )\r\n       6: \r\n       7: Set-StrictMode -Version Latest\r\n       8: # BEGIN_VG_GUARD_NO_DOUBLE_HEADER_V1\r\n>>     9: try{\r\n      10:   $m = [regex]::Matches((Get-Content -LiteralPath $PSCommandPath -Raw -Encoding UTF8), '(?m)^\\s*\\[CmdletBinding\\(\\)\\]\\s*$ErrorActionPreference = \"Stop\"\r\n      11: \r\n      12: trap {\r\n      13:   Write-Host \"=== TRAP ===\"\r\n      14:   Write-Host (\"MSG=\" + $PSItem.Exception.Message)\r\n      15:   Write-Host (\"TYPE=\" + $PSItem.Exception.GetType().FullName)\r\n      16:   Write-Host \"--- ScriptStackTrace ---\"\r\n      17:   Write-Host $PSItem.ScriptStackTrace\r\n      18:   throw\r\n      19: }"
  },
  {
    "path": "D:\\VGPlatform\\core\\ops\\diag\\VG_FrontAudit_All_v4.ps1",
    "line": 610,
    "col": 1,
    "message": "The Try statement is missing its Catch or Finally block.",
    "text": "",
    "context": "     600: [System.IO.File]::WriteAllText($reportMd, ($md -join [Environment]::NewLine), $utf8NoBom)\r\n     601: # END_VG_MD_SAFE_V5\r\n     602: \r\n     603: Ok (\"WRITE_OK={0}\" -f $reportJson)\r\n     604: Ok (\"WRITE_OK={0}\" -f $reportMd)\r\n     605: # BEGIN_VG_SIGNALS_COUNT_SAFE_V1\r\n     606: \r\n     607: # BEGIN_VG_TRIM_SECOND_HEADER_V1\r\n     608: # Trimmed duplicate [CmdletBinding()] header + tail content\r\n     609: # END_VG_TRIM_SECOND_HEADER_V1"
  },
  {
    "path": "D:\\VGPlatform\\core\\ops\\diag\\VG_FrontAudit_ToMd_v1.ps1",
    "line": 57,
    "col": 44,
    "message": "You must provide a value expression following the '-' operator.",
    "text": "",
    "context": "      47: if([string]::IsNullOrWhiteSpace($OutPath)){\r\n      48:   $OutPath = [System.IO.Path]::ChangeExtension($JsonPath, \".md\")\r\n      49: }\r\n      50: \r\n      51: $md = New-Object System.Collections.Generic.List[string]\r\n      52: \r\n      53: # Header\r\n      54: [void]$md.Add(\"# VG Front Audit Report\")\r\n      55: [void]$md.Add(\"\")\r\n      56: if($rep.run){\r\n>>    57:   [void]$md.Add(\"- Run: `\"[void]$md.Add((\"- Run: `{0}`\" -f [string]$rep.run.id))\r\n      58:   `\"\" -f [string]$rep.run.id)[void]$md.Add(\"- Time: `\"[void]$md.Add((\"- Time: `{0}`\" -f [string]$rep.run.ts))\r\n      59:   `\"\" -f [string]$rep.run.ts)[void]$md.Add(\"- Root: `\"[void]$md.Add((\"- Root: `{0}`\" -f [string]$rep.run.root))\r\n      60: `\"\" -f [string]$rep.run.root)}\r\n      61: [void]$md.Add(\"\")\r\n      62: \r\n      63: # Signals\r\n      64: [void]$md.Add(\"## Signals\")\r\n      65: [void]$md.Add(\"\")\r\n      66: $signals = @()\r\n      67: try { $signals = @($rep.signals) } catch { $signals = @() }"
  },
  {
    "path": "D:\\VGPlatform\\core\\ops\\diag\\VG_FrontAudit_ToMd_v1.ps1",
    "line": 57,
    "col": 44,
    "message": "Missing ')' in method call.",
    "text": "",
    "context": "      47: if([string]::IsNullOrWhiteSpace($OutPath)){\r\n      48:   $OutPath = [System.IO.Path]::ChangeExtension($JsonPath, \".md\")\r\n      49: }\r\n      50: \r\n      51: $md = New-Object System.Collections.Generic.List[string]\r\n      52: \r\n      53: # Header\r\n      54: [void]$md.Add(\"# VG Front Audit Report\")\r\n      55: [void]$md.Add(\"\")\r\n      56: if($rep.run){\r\n>>    57:   [void]$md.Add(\"- Run: `\"[void]$md.Add((\"- Run: `{0}`\" -f [string]$rep.run.id))\r\n      58:   `\"\" -f [string]$rep.run.id)[void]$md.Add(\"- Time: `\"[void]$md.Add((\"- Time: `{0}`\" -f [string]$rep.run.ts))\r\n      59:   `\"\" -f [string]$rep.run.ts)[void]$md.Add(\"- Root: `\"[void]$md.Add((\"- Root: `{0}`\" -f [string]$rep.run.root))\r\n      60: `\"\" -f [string]$rep.run.root)}\r\n      61: [void]$md.Add(\"\")\r\n      62: \r\n      63: # Signals\r\n      64: [void]$md.Add(\"## Signals\")\r\n      65: [void]$md.Add(\"\")\r\n      66: $signals = @()\r\n      67: try { $signals = @($rep.signals) } catch { $signals = @() }"
  },
  {
    "path": "D:\\VGPlatform\\core\\ops\\diag\\VG_FrontAudit_ToMd_v1.ps1",
    "line": 57,
    "col": 45,
    "message": "Unexpected token 'Run:' in expression or statement.",
    "text": "Run:",
    "context": "      47: if([string]::IsNullOrWhiteSpace($OutPath)){\r\n      48:   $OutPath = [System.IO.Path]::ChangeExtension($JsonPath, \".md\")\r\n      49: }\r\n      50: \r\n      51: $md = New-Object System.Collections.Generic.List[string]\r\n      52: \r\n      53: # Header\r\n      54: [void]$md.Add(\"# VG Front Audit Report\")\r\n      55: [void]$md.Add(\"\")\r\n      56: if($rep.run){\r\n>>    57:   [void]$md.Add(\"- Run: `\"[void]$md.Add((\"- Run: `{0}`\" -f [string]$rep.run.id))\r\n      58:   `\"\" -f [string]$rep.run.id)[void]$md.Add(\"- Time: `\"[void]$md.Add((\"- Time: `{0}`\" -f [string]$rep.run.ts))\r\n      59:   `\"\" -f [string]$rep.run.ts)[void]$md.Add(\"- Root: `\"[void]$md.Add((\"- Root: `{0}`\" -f [string]$rep.run.root))\r\n      60: `\"\" -f [string]$rep.run.root)}\r\n      61: [void]$md.Add(\"\")\r\n      62: \r\n      63: # Signals\r\n      64: [void]$md.Add(\"## Signals\")\r\n      65: [void]$md.Add(\"\")\r\n      66: $signals = @()\r\n      67: try { $signals = @($rep.signals) } catch { $signals = @() }"
  },
  {
    "path": "D:\\VGPlatform\\core\\ops\\diag\\VG_FrontAudit_ToMd_v1.ps1",
    "line": 57,
    "col": 79,
    "message": "Unexpected token ')' in expression or statement.",
    "text": ")",
    "context": "      47: if([string]::IsNullOrWhiteSpace($OutPath)){\r\n      48:   $OutPath = [System.IO.Path]::ChangeExtension($JsonPath, \".md\")\r\n      49: }\r\n      50: \r\n      51: $md = New-Object System.Collections.Generic.List[string]\r\n      52: \r\n      53: # Header\r\n      54: [void]$md.Add(\"# VG Front Audit Report\")\r\n      55: [void]$md.Add(\"\")\r\n      56: if($rep.run){\r\n>>    57:   [void]$md.Add(\"- Run: `\"[void]$md.Add((\"- Run: `{0}`\" -f [string]$rep.run.id))\r\n      58:   `\"\" -f [string]$rep.run.id)[void]$md.Add(\"- Time: `\"[void]$md.Add((\"- Time: `{0}`\" -f [string]$rep.run.ts))\r\n      59:   `\"\" -f [string]$rep.run.ts)[void]$md.Add(\"- Root: `\"[void]$md.Add((\"- Root: `{0}`\" -f [string]$rep.run.root))\r\n      60: `\"\" -f [string]$rep.run.root)}\r\n      61: [void]$md.Add(\"\")\r\n      62: \r\n      63: # Signals\r\n      64: [void]$md.Add(\"## Signals\")\r\n      65: [void]$md.Add(\"\")\r\n      66: $signals = @()\r\n      67: try { $signals = @($rep.signals) } catch { $signals = @() }"
  },
  {
    "path": "D:\\VGPlatform\\core\\ops\\diag\\VG_FrontAudit_ToMd_v1.ps1",
    "line": 57,
    "col": 80,
    "message": "Unexpected token ')' in expression or statement.",
    "text": ")",
    "context": "      47: if([string]::IsNullOrWhiteSpace($OutPath)){\r\n      48:   $OutPath = [System.IO.Path]::ChangeExtension($JsonPath, \".md\")\r\n      49: }\r\n      50: \r\n      51: $md = New-Object System.Collections.Generic.List[string]\r\n      52: \r\n      53: # Header\r\n      54: [void]$md.Add(\"# VG Front Audit Report\")\r\n      55: [void]$md.Add(\"\")\r\n      56: if($rep.run){\r\n>>    57:   [void]$md.Add(\"- Run: `\"[void]$md.Add((\"- Run: `{0}`\" -f [string]$rep.run.id))\r\n      58:   `\"\" -f [string]$rep.run.id)[void]$md.Add(\"- Time: `\"[void]$md.Add((\"- Time: `{0}`\" -f [string]$rep.run.ts))\r\n      59:   `\"\" -f [string]$rep.run.ts)[void]$md.Add(\"- Root: `\"[void]$md.Add((\"- Root: `{0}`\" -f [string]$rep.run.root))\r\n      60: `\"\" -f [string]$rep.run.root)}\r\n      61: [void]$md.Add(\"\")\r\n      62: \r\n      63: # Signals\r\n      64: [void]$md.Add(\"## Signals\")\r\n      65: [void]$md.Add(\"\")\r\n      66: $signals = @()\r\n      67: try { $signals = @($rep.signals) } catch { $signals = @() }"
  },
  {
    "path": "D:\\VGPlatform\\core\\ops\\diag\\VG_FrontAudit_ToMd_v1.ps1",
    "line": 59,
    "col": 31,
    "message": "Array index expression is missing or not valid.",
    "text": "",
    "context": "      49: }\r\n      50: \r\n      51: $md = New-Object System.Collections.Generic.List[string]\r\n      52: \r\n      53: # Header\r\n      54: [void]$md.Add(\"# VG Front Audit Report\")\r\n      55: [void]$md.Add(\"\")\r\n      56: if($rep.run){\r\n      57:   [void]$md.Add(\"- Run: `\"[void]$md.Add((\"- Run: `{0}`\" -f [string]$rep.run.id))\r\n      58:   `\"\" -f [string]$rep.run.id)[void]$md.Add(\"- Time: `\"[void]$md.Add((\"- Time: `{0}`\" -f [string]$rep.run.ts))\r\n>>    59:   `\"\" -f [string]$rep.run.ts)[void]$md.Add(\"- Root: `\"[void]$md.Add((\"- Root: `{0}`\" -f [string]$rep.run.root))\r\n      60: `\"\" -f [string]$rep.run.root)}\r\n      61: [void]$md.Add(\"\")\r\n      62: \r\n      63: # Signals\r\n      64: [void]$md.Add(\"## Signals\")\r\n      65: [void]$md.Add(\"\")\r\n      66: $signals = @()\r\n      67: try { $signals = @($rep.signals) } catch { $signals = @() }\r\n      68: if($signals.Count -eq 0){\r\n      69:   [void]$md.Add(\"- (none)\")"
  },
  {
    "path": "D:\\VGPlatform\\core\\ops\\diag\\VG_FrontAudit_ToMd_v1.ps1",
    "line": 59,
    "col": 31,
    "message": "Unexpected token 'void]$md.Add' in expression or statement.",
    "text": "void]$md.Add",
    "context": "      49: }\r\n      50: \r\n      51: $md = New-Object System.Collections.Generic.List[string]\r\n      52: \r\n      53: # Header\r\n      54: [void]$md.Add(\"# VG Front Audit Report\")\r\n      55: [void]$md.Add(\"\")\r\n      56: if($rep.run){\r\n      57:   [void]$md.Add(\"- Run: `\"[void]$md.Add((\"- Run: `{0}`\" -f [string]$rep.run.id))\r\n      58:   `\"\" -f [string]$rep.run.id)[void]$md.Add(\"- Time: `\"[void]$md.Add((\"- Time: `{0}`\" -f [string]$rep.run.ts))\r\n>>    59:   `\"\" -f [string]$rep.run.ts)[void]$md.Add(\"- Root: `\"[void]$md.Add((\"- Root: `{0}`\" -f [string]$rep.run.root))\r\n      60: `\"\" -f [string]$rep.run.root)}\r\n      61: [void]$md.Add(\"\")\r\n      62: \r\n      63: # Signals\r\n      64: [void]$md.Add(\"## Signals\")\r\n      65: [void]$md.Add(\"\")\r\n      66: $signals = @()\r\n      67: try { $signals = @($rep.signals) } catch { $signals = @() }\r\n      68: if($signals.Count -eq 0){\r\n      69:   [void]$md.Add(\"- (none)\")"
  },
  {
    "path": "D:\\VGPlatform\\core\\ops\\diag\\VG_FrontAudit_ToMd_v1.ps1",
    "line": 59,
    "col": 31,
    "message": "Missing closing ')' in expression.",
    "text": "",
    "context": "      49: }\r\n      50: \r\n      51: $md = New-Object System.Collections.Generic.List[string]\r\n      52: \r\n      53: # Header\r\n      54: [void]$md.Add(\"# VG Front Audit Report\")\r\n      55: [void]$md.Add(\"\")\r\n      56: if($rep.run){\r\n      57:   [void]$md.Add(\"- Run: `\"[void]$md.Add((\"- Run: `{0}`\" -f [string]$rep.run.id))\r\n      58:   `\"\" -f [string]$rep.run.id)[void]$md.Add(\"- Time: `\"[void]$md.Add((\"- Time: `{0}`\" -f [string]$rep.run.ts))\r\n>>    59:   `\"\" -f [string]$rep.run.ts)[void]$md.Add(\"- Root: `\"[void]$md.Add((\"- Root: `{0}`\" -f [string]$rep.run.root))\r\n      60: `\"\" -f [string]$rep.run.root)}\r\n      61: [void]$md.Add(\"\")\r\n      62: \r\n      63: # Signals\r\n      64: [void]$md.Add(\"## Signals\")\r\n      65: [void]$md.Add(\"\")\r\n      66: $signals = @()\r\n      67: try { $signals = @($rep.signals) } catch { $signals = @() }\r\n      68: if($signals.Count -eq 0){\r\n      69:   [void]$md.Add(\"- (none)\")"
  },
  {
    "path": "D:\\VGPlatform\\core\\ops\\diag\\VG_FrontAudit_ToMd_v1.ps1",
    "line": 59,
    "col": 72,
    "message": "You must provide a value expression following the '-' operator.",
    "text": "",
    "context": "      49: }\r\n      50: \r\n      51: $md = New-Object System.Collections.Generic.List[string]\r\n      52: \r\n      53: # Header\r\n      54: [void]$md.Add(\"# VG Front Audit Report\")\r\n      55: [void]$md.Add(\"\")\r\n      56: if($rep.run){\r\n      57:   [void]$md.Add(\"- Run: `\"[void]$md.Add((\"- Run: `{0}`\" -f [string]$rep.run.id))\r\n      58:   `\"\" -f [string]$rep.run.id)[void]$md.Add(\"- Time: `\"[void]$md.Add((\"- Time: `{0}`\" -f [string]$rep.run.ts))\r\n>>    59:   `\"\" -f [string]$rep.run.ts)[void]$md.Add(\"- Root: `\"[void]$md.Add((\"- Root: `{0}`\" -f [string]$rep.run.root))\r\n      60: `\"\" -f [string]$rep.run.root)}\r\n      61: [void]$md.Add(\"\")\r\n      62: \r\n      63: # Signals\r\n      64: [void]$md.Add(\"## Signals\")\r\n      65: [void]$md.Add(\"\")\r\n      66: $signals = @()\r\n      67: try { $signals = @($rep.signals) } catch { $signals = @() }\r\n      68: if($signals.Count -eq 0){\r\n      69:   [void]$md.Add(\"- (none)\")"
  },
  {
    "path": "D:\\VGPlatform\\core\\ops\\diag\\VG_FrontAudit_ToMd_v1.ps1",
    "line": 59,
    "col": 73,
    "message": "Unexpected token 'Root:' in expression or statement.",
    "text": "Root:",
    "context": "      49: }\r\n      50: \r\n      51: $md = New-Object System.Collections.Generic.List[string]\r\n      52: \r\n      53: # Header\r\n      54: [void]$md.Add(\"# VG Front Audit Report\")\r\n      55: [void]$md.Add(\"\")\r\n      56: if($rep.run){\r\n      57:   [void]$md.Add(\"- Run: `\"[void]$md.Add((\"- Run: `{0}`\" -f [string]$rep.run.id))\r\n      58:   `\"\" -f [string]$rep.run.id)[void]$md.Add(\"- Time: `\"[void]$md.Add((\"- Time: `{0}`\" -f [string]$rep.run.ts))\r\n>>    59:   `\"\" -f [string]$rep.run.ts)[void]$md.Add(\"- Root: `\"[void]$md.Add((\"- Root: `{0}`\" -f [string]$rep.run.root))\r\n      60: `\"\" -f [string]$rep.run.root)}\r\n      61: [void]$md.Add(\"\")\r\n      62: \r\n      63: # Signals\r\n      64: [void]$md.Add(\"## Signals\")\r\n      65: [void]$md.Add(\"\")\r\n      66: $signals = @()\r\n      67: try { $signals = @($rep.signals) } catch { $signals = @() }\r\n      68: if($signals.Count -eq 0){\r\n      69:   [void]$md.Add(\"- (none)\")"
  },
  {
    "path": "D:\\VGPlatform\\core\\ops\\diag\\VG_FrontAudit_ToMd_v1.ps1",
    "line": 59,
    "col": 72,
    "message": "Missing closing ')' in expression.",
    "text": "",
    "context": "      49: }\r\n      50: \r\n      51: $md = New-Object System.Collections.Generic.List[string]\r\n      52: \r\n      53: # Header\r\n      54: [void]$md.Add(\"# VG Front Audit Report\")\r\n      55: [void]$md.Add(\"\")\r\n      56: if($rep.run){\r\n      57:   [void]$md.Add(\"- Run: `\"[void]$md.Add((\"- Run: `{0}`\" -f [string]$rep.run.id))\r\n      58:   `\"\" -f [string]$rep.run.id)[void]$md.Add(\"- Time: `\"[void]$md.Add((\"- Time: `{0}`\" -f [string]$rep.run.ts))\r\n>>    59:   `\"\" -f [string]$rep.run.ts)[void]$md.Add(\"- Root: `\"[void]$md.Add((\"- Root: `{0}`\" -f [string]$rep.run.root))\r\n      60: `\"\" -f [string]$rep.run.root)}\r\n      61: [void]$md.Add(\"\")\r\n      62: \r\n      63: # Signals\r\n      64: [void]$md.Add(\"## Signals\")\r\n      65: [void]$md.Add(\"\")\r\n      66: $signals = @()\r\n      67: try { $signals = @($rep.signals) } catch { $signals = @() }\r\n      68: if($signals.Count -eq 0){\r\n      69:   [void]$md.Add(\"- (none)\")"
  },
  {
    "path": "D:\\VGPlatform\\core\\ops\\diag\\VG_FrontAudit_ToMd_v1.ps1",
    "line": 59,
    "col": 82,
    "message": "Unexpected token '}' in expression or statement.",
    "text": "}",
    "context": "      49: }\r\n      50: \r\n      51: $md = New-Object System.Collections.Generic.List[string]\r\n      52: \r\n      53: # Header\r\n      54: [void]$md.Add(\"# VG Front Audit Report\")\r\n      55: [void]$md.Add(\"\")\r\n      56: if($rep.run){\r\n      57:   [void]$md.Add(\"- Run: `\"[void]$md.Add((\"- Run: `{0}`\" -f [string]$rep.run.id))\r\n      58:   `\"\" -f [string]$rep.run.id)[void]$md.Add(\"- Time: `\"[void]$md.Add((\"- Time: `{0}`\" -f [string]$rep.run.ts))\r\n>>    59:   `\"\" -f [string]$rep.run.ts)[void]$md.Add(\"- Root: `\"[void]$md.Add((\"- Root: `{0}`\" -f [string]$rep.run.root))\r\n      60: `\"\" -f [string]$rep.run.root)}\r\n      61: [void]$md.Add(\"\")\r\n      62: \r\n      63: # Signals\r\n      64: [void]$md.Add(\"## Signals\")\r\n      65: [void]$md.Add(\"\")\r\n      66: $signals = @()\r\n      67: try { $signals = @($rep.signals) } catch { $signals = @() }\r\n      68: if($signals.Count -eq 0){\r\n      69:   [void]$md.Add(\"- (none)\")"
  },
  {
    "path": "D:\\VGPlatform\\core\\ops\\diag\\VG_FrontAudit_ToMd_v1.ps1",
    "line": 59,
    "col": 110,
    "message": "Unexpected token ')' in expression or statement.",
    "text": ")",
    "context": "      49: }\r\n      50: \r\n      51: $md = New-Object System.Collections.Generic.List[string]\r\n      52: \r\n      53: # Header\r\n      54: [void]$md.Add(\"# VG Front Audit Report\")\r\n      55: [void]$md.Add(\"\")\r\n      56: if($rep.run){\r\n      57:   [void]$md.Add(\"- Run: `\"[void]$md.Add((\"- Run: `{0}`\" -f [string]$rep.run.id))\r\n      58:   `\"\" -f [string]$rep.run.id)[void]$md.Add(\"- Time: `\"[void]$md.Add((\"- Time: `{0}`\" -f [string]$rep.run.ts))\r\n>>    59:   `\"\" -f [string]$rep.run.ts)[void]$md.Add(\"- Root: `\"[void]$md.Add((\"- Root: `{0}`\" -f [string]$rep.run.root))\r\n      60: `\"\" -f [string]$rep.run.root)}\r\n      61: [void]$md.Add(\"\")\r\n      62: \r\n      63: # Signals\r\n      64: [void]$md.Add(\"## Signals\")\r\n      65: [void]$md.Add(\"\")\r\n      66: $signals = @()\r\n      67: try { $signals = @($rep.signals) } catch { $signals = @() }\r\n      68: if($signals.Count -eq 0){\r\n      69:   [void]$md.Add(\"- (none)\")"
  },
  {
    "path": "D:\\VGPlatform\\core\\ops\\diag\\VG_FrontAudit_ToMd_v1.ps1",
    "line": 59,
    "col": 111,
    "message": "Unexpected token ')' in expression or statement.",
    "text": ")",
    "context": "      49: }\r\n      50: \r\n      51: $md = New-Object System.Collections.Generic.List[string]\r\n      52: \r\n      53: # Header\r\n      54: [void]$md.Add(\"# VG Front Audit Report\")\r\n      55: [void]$md.Add(\"\")\r\n      56: if($rep.run){\r\n      57:   [void]$md.Add(\"- Run: `\"[void]$md.Add((\"- Run: `{0}`\" -f [string]$rep.run.id))\r\n      58:   `\"\" -f [string]$rep.run.id)[void]$md.Add(\"- Time: `\"[void]$md.Add((\"- Time: `{0}`\" -f [string]$rep.run.ts))\r\n>>    59:   `\"\" -f [string]$rep.run.ts)[void]$md.Add(\"- Root: `\"[void]$md.Add((\"- Root: `{0}`\" -f [string]$rep.run.root))\r\n      60: `\"\" -f [string]$rep.run.root)}\r\n      61: [void]$md.Add(\"\")\r\n      62: \r\n      63: # Signals\r\n      64: [void]$md.Add(\"## Signals\")\r\n      65: [void]$md.Add(\"\")\r\n      66: $signals = @()\r\n      67: try { $signals = @($rep.signals) } catch { $signals = @() }\r\n      68: if($signals.Count -eq 0){\r\n      69:   [void]$md.Add(\"- (none)\")"
  },
  {
    "path": "D:\\VGPlatform\\core\\ops\\instructions\\VG_InstructionPack_DiffGate_v2b.ps1",
    "line": 80,
    "col": 13,
    "message": "Missing ')' in method call.",
    "text": "",
    "context": "      70: \r\n      71: if($hasV1){\r\n      72:   $rep.Add(\"## Diff: CHAT v1 -> v2 (bounded head/tail, top 200)\")\r\n      73:   $rep.Add(\"```diff\")\r\n      74:   $a = Get-BoundedLines $chatV1 400 400\r\n      75:   $b = Get-BoundedLines $chatV2 400 400\r\n      76:   foreach($ln in (Diff-Lines $a $b 200)){ $rep.Add($ln) }\r\n      77:   $rep.Add(\"```\")\r\n      78:   $rep.Add(\"\")\r\n      79: \r\n>>    80:   $rep.Add(\"## Diff: API v1 -> v2 (bounded head/tail, top 200)\")\r\n      81:   $rep.Add(\"```diff\")\r\n      82:   $c = Get-BoundedLines $apiV1 400 400\r\n      83:   $d = Get-BoundedLines $apiV2 400 400\r\n      84:   foreach($ln in (Diff-Lines $c $d 200)){ $rep.Add($ln) }\r\n      85:   $rep.Add(\"```\")\r\n      86:   $rep.Add(\"\")\r\n      87: }\r\n      88: \r\n      89: $release=[ordered]@{\r\n      90:   ts=(Get-Date).ToString(\"o\")"
  },
  {
    "path": "D:\\VGPlatform\\core\\ops\\instructions\\VG_InstructionPack_DiffGate_v2b.ps1",
    "line": 81,
    "col": 3,
    "message": "Unexpected token '$rep' in expression or statement.",
    "text": "$rep",
    "context": "      71: if($hasV1){\r\n      72:   $rep.Add(\"## Diff: CHAT v1 -> v2 (bounded head/tail, top 200)\")\r\n      73:   $rep.Add(\"```diff\")\r\n      74:   $a = Get-BoundedLines $chatV1 400 400\r\n      75:   $b = Get-BoundedLines $chatV2 400 400\r\n      76:   foreach($ln in (Diff-Lines $a $b 200)){ $rep.Add($ln) }\r\n      77:   $rep.Add(\"```\")\r\n      78:   $rep.Add(\"\")\r\n      79: \r\n      80:   $rep.Add(\"## Diff: API v1 -> v2 (bounded head/tail, top 200)\")\r\n>>    81:   $rep.Add(\"```diff\")\r\n      82:   $c = Get-BoundedLines $apiV1 400 400\r\n      83:   $d = Get-BoundedLines $apiV2 400 400\r\n      84:   foreach($ln in (Diff-Lines $c $d 200)){ $rep.Add($ln) }\r\n      85:   $rep.Add(\"```\")\r\n      86:   $rep.Add(\"\")\r\n      87: }\r\n      88: \r\n      89: $release=[ordered]@{\r\n      90:   ts=(Get-Date).ToString(\"o\")\r\n      91:   active=@{ chat=(Split-Path -Leaf $chatV2); api=(Split-Path -Leaf $apiV2) }"
  },
  {
    "path": "D:\\VGPlatform\\core\\ops\\instructions\\VG_InstructionPack_DiffGate_v2b.ps1",
    "line": 90,
    "col": 27,
    "message": "Missing ')' in method call.",
    "text": "",
    "context": "      80:   $rep.Add(\"## Diff: API v1 -> v2 (bounded head/tail, top 200)\")\r\n      81:   $rep.Add(\"```diff\")\r\n      82:   $c = Get-BoundedLines $apiV1 400 400\r\n      83:   $d = Get-BoundedLines $apiV2 400 400\r\n      84:   foreach($ln in (Diff-Lines $c $d 200)){ $rep.Add($ln) }\r\n      85:   $rep.Add(\"```\")\r\n      86:   $rep.Add(\"\")\r\n      87: }\r\n      88: \r\n      89: $release=[ordered]@{\r\n>>    90:   ts=(Get-Date).ToString(\"o\")\r\n      91:   active=@{ chat=(Split-Path -Leaf $chatV2); api=(Split-Path -Leaf $apiV2) }\r\n      92:   sha256=@{ chat_v2=(Sha256File $chatV2); api_v2=(Sha256File $apiV2) }\r\n      93:   invariants=@{ tags_ok=$true; core_ok=$true; required_tags=$requiredTags; core_needles=$coreNeedles }\r\n      94: }\r\n      95: \r\n      96: $rep.Add(\"## Release marker\")\r\n      97: $rep.Add(\"\")\r\n      98: $rep.Add((\"Active CHAT: {0}\" -f $release.active.chat))\r\n      99: $rep.Add((\"Active API : {0}\" -f $release.active.api))\r\n     100: $rep.Add((\"SHA256 CHAT v2: {0}\" -f $release.sha256.chat_v2))"
  },
  {
    "path": "D:\\VGPlatform\\core\\ops\\instructions\\VG_InstructionPack_DiffGate_v2b.ps1",
    "line": 90,
    "col": 27,
    "message": "Unexpected token 'o\")\n  active=@{ chat=(Split-Path -Leaf $chatV2); api=(Split-Path -Leaf $apiV2) }\n  sha256=@{ chat_v2=(Sha256File $chatV2); api_v2=(Sha256File $apiV2) }\n  invariants=@{ tags_ok=$true; core_ok=$true; required_tags=$requiredTags; core_needles=$coreNeedles }\n}\n\n$rep.Add(\"##' in expression or statement.",
    "text": "o\")\n  active=@{ chat=(Split-Path -Leaf $chatV2); api=(Split-Path -Leaf $apiV2) }\n  sha256=@{ chat_v2=(Sha256File $chatV2); api_v2=(Sha256File $apiV2) }\n  invariants=@{ tags_ok=$true; core_ok=$true; required_tags=$requiredTags; core_needles=$coreNeedles }\n}\n\n$rep.Add(\"##",
    "context": "      80:   $rep.Add(\"## Diff: API v1 -> v2 (bounded head/tail, top 200)\")\r\n      81:   $rep.Add(\"```diff\")\r\n      82:   $c = Get-BoundedLines $apiV1 400 400\r\n      83:   $d = Get-BoundedLines $apiV2 400 400\r\n      84:   foreach($ln in (Diff-Lines $c $d 200)){ $rep.Add($ln) }\r\n      85:   $rep.Add(\"```\")\r\n      86:   $rep.Add(\"\")\r\n      87: }\r\n      88: \r\n      89: $release=[ordered]@{\r\n>>    90:   ts=(Get-Date).ToString(\"o\")\r\n      91:   active=@{ chat=(Split-Path -Leaf $chatV2); api=(Split-Path -Leaf $apiV2) }\r\n      92:   sha256=@{ chat_v2=(Sha256File $chatV2); api_v2=(Sha256File $apiV2) }\r\n      93:   invariants=@{ tags_ok=$true; core_ok=$true; required_tags=$requiredTags; core_needles=$coreNeedles }\r\n      94: }\r\n      95: \r\n      96: $rep.Add(\"## Release marker\")\r\n      97: $rep.Add(\"\")\r\n      98: $rep.Add((\"Active CHAT: {0}\" -f $release.active.chat))\r\n      99: $rep.Add((\"Active API : {0}\" -f $release.active.api))\r\n     100: $rep.Add((\"SHA256 CHAT v2: {0}\" -f $release.sha256.chat_v2))"
  },
  {
    "path": "D:\\VGPlatform\\core\\ops\\instructions\\VG_InstructionPack_DiffGate_v2b.ps1",
    "line": 115,
    "col": 63,
    "message": "The string is missing the terminator: \".",
    "text": "\"\r\n",
    "context": "     105: ($rep -join \"`r`n\") | Set-Content -LiteralPath $diffFp -Encoding UTF8\r\n     106: Ok \"WRITE_OK=$diffFp\"\r\n     107: \r\n     108: $relFp=Join-Path $Out \"release_active.json\"\r\n     109: ($release | ConvertTo-Json -Depth 8) | Set-Content -LiteralPath $relFp -Encoding UTF8\r\n     110: Ok \"WRITE_OK=$relFp\"\r\n     111: \r\n     112: try{ $null = Get-Content -LiteralPath $relFp -Raw -Encoding UTF8 | ConvertFrom-Json; Ok \"JSON_PARSE_OK=$relFp\" }catch{ Fail (\"JSON_PARSE_FAIL=$relFp err=\" + $_.Exception.Message) }\r\n     113: \r\n     114: Ok \"DONE=DIFF_GATE_OK\"\r\n>>   115: Ok \"NEXT: open out\\diff_report.md; use out\\release_active.json\""
  },
  {
    "path": "D:\\VGPlatform\\core\\ops\\instructions\\VG_InstructionPack_DiffGate_v2b.ps1",
    "line": 71,
    "col": 11,
    "message": "Missing closing '}' in statement block or type definition.",
    "text": "{",
    "context": "      61: if(-not (ContainsAll $txtChat2 $coreNeedles)){ Fail \"CHAT_V2_CORE_INVARIANTS_FAIL\" }\r\n      62: if(-not (ContainsAll $txtApi2  $coreNeedles)){ Fail \"API_V2_CORE_INVARIANTS_FAIL\" }\r\n      63: Ok \"CORE_INVARIANTS_OK=1\"\r\n      64: \r\n      65: $rep = New-Object System.Collections.Generic.List[string]\r\n      66: $rep.Add(\"# VG InstructionPack diff gate (v2b, bounded)\")\r\n      67: $rep.Add(\"\")\r\n      68: $rep.Add((\"Generated: {0}\" -f (Get-Date).ToString(\"o\")))\r\n      69: $rep.Add(\"\")\r\n      70: \r\n>>    71: if($hasV1){\r\n      72:   $rep.Add(\"## Diff: CHAT v1 -> v2 (bounded head/tail, top 200)\")\r\n      73:   $rep.Add(\"```diff\")\r\n      74:   $a = Get-BoundedLines $chatV1 400 400\r\n      75:   $b = Get-BoundedLines $chatV2 400 400\r\n      76:   foreach($ln in (Diff-Lines $a $b 200)){ $rep.Add($ln) }\r\n      77:   $rep.Add(\"```\")\r\n      78:   $rep.Add(\"\")\r\n      79: \r\n      80:   $rep.Add(\"## Diff: API v1 -> v2 (bounded head/tail, top 200)\")\r\n      81:   $rep.Add(\"```diff\")"
  }
]
