{
  "lastLogTail": [],
  "exitCode": 1,
  "ts": "2026-02-04T19:11:02",
  "counts": {
    "high80": 0,
    "highExists": false,
    "indexExists": false
  },
  "kind": "pid_watchdog",
  "tasks": {
    "VG_Precheck_Hourly": {
      "nextRun": "N/A",
      "status": "Disabled",
      "lastRC": "0",
      "lastRun": "3. 09. 2025 11:26:02"
    },
    "VG_Deep_Daily": {
      "nextRun": "N/A",
      "status": "Disabled",
      "lastRC": "0",
      "lastRun": "3. 09. 2025 02:30:01"
    },
    "VG_Quarantine_Daily": {
      "nextRun": "N/A",
      "status": "Disabled",
      "lastRC": "0",
      "lastRun": "3. 09. 2025 03:10:01"
    },
    "VG_Enrich_Daily": {
      "nextRun": "N/A",
      "status": "Disabled",
      "lastRC": "0",
      "lastRun": "3. 09. 2025 02:45:01"
    },
    "VG_LogRotate_Daily": {
      "nextRun": "N/A",
      "status": "Disabled",
      "lastRC": "0",
      "lastRun": "3. 09. 2025 03:20:01"
    }
  },
  "health": {
    "ok": true,
    "issues": []
  },
  "agent": {
    "pid": 19608,
    "running": true,
    "processName": "pwsh",
    "lastCheck": "2026-02-04T19:11:02",
    "restartTried": false,
    "restartOk": false,
    "pidFile": "D:\\VGPlatform\\runtime\\agent.pid"
  }
}
